id,period,age,schooling,exp_white_collar,exp_blue_collar,choice
1,1,17,16,0,0,2
1,2,18,16,0,1,2
1,3,19,16,0,2,3
1,4,20,16,0,2,3
1,5,21,16,0,2,1
1,6,22,16,1,2,1
1,7,23,16,2,2,2
1,8,24,16,2,3,1
1,9,25,16,3,3,1
1,10,26,16,4,3,1
2,1,17,14,0,0,2
2,2,18,14,0,1,2
2,3,19,14,0,2,0
2,4,20,15,0,2,2
2,5,21,15,0,3,1
2,6,22,15,1,3,1
2,7,23,15,2,3,1
2,8,24,15,3,3,1
2,9,25,15,4,3,2
2,10,26,15,4,4,2
3,1,17,12,0,0,0
3,2,18,13,0,0,1
3,3,19,13,1,0,0
3,4,20,14,1,0,2
3,5,21,14,1,1,0
3,6,22,15,1,1,0
3,7,23,16,1,1,0
3,8,24,17,1,1,2
3,9,25,17,1,2,2
3,10,26,17,1,3,0
4,1,17,14,0,0,0
4,2,18,15,0,0,0
4,3,19,16,0,0,2
4,4,20,16,0,1,0
4,5,21,17,0,1,3
4,6,22,17,0,1,2
4,7,23,17,0,2,0
4,8,24,18,0,2,0
4,9,25,19,0,2,0
4,10,26,20,0,2,1
5,1,17,13,0,0,3
5,2,18,13,0,0,0
5,3,19,14,0,0,1
5,4,20,14,1,0,0
5,5,21,15,1,0,2
5,6,22,15,1,1,0
5,7,23,16,1,1,0
5,8,24,17,1,1,2
5,9,25,17,1,2,2
5,10,26,17,1,3,3
6,1,17,12,0,0,1
6,2,18,12,1,0,3
6,3,19,12,1,0,0
6,4,20,13,1,0,0
6,5,21,14,1,0,1
6,6,22,14,2,0,0
6,7,23,15,2,0,3
6,8,24,15,2,0,1
6,9,25,15,3,0,2
6,10,26,15,3,1,3
7,1,17,10,0,0,0
7,2,18,11,0,0,1
7,3,19,11,1,0,0
7,4,20,12,1,0,0
7,5,21,13,1,0,0
7,6,22,14,1,0,2
7,7,23,14,1,1,2
7,8,24,14,1,2,3
7,9,25,14,1,2,1
7,10,26,14,2,2,1
8,1,17,11,0,0,1
8,2,18,11,1,0,0
8,3,19,12,1,0,0
8,4,20,13,1,0,0
8,5,21,14,1,0,1
8,6,22,14,2,0,0
8,7,23,15,2,0,0
8,8,24,16,2,0,0
8,9,25,17,2,0,1
8,10,26,17,3,0,0
9,1,17,12,0,0,1
9,2,18,12,1,0,0
9,3,19,13,1,0,2
9,4,20,13,1,1,2
9,5,21,13,1,2,0
9,6,22,14,1,2,0
9,7,23,15,1,2,0
9,8,24,16,1,2,3
9,9,25,16,1,2,3
9,10,26,16,1,2,2
10,1,17,13,0,0,0
10,2,18,14,0,0,2
10,3,19,14,0,1,2
10,4,20,14,0,2,0
10,5,21,15,0,2,3
10,6,22,15,0,2,2
10,7,23,15,0,3,1
10,8,24,15,1,3,1
10,9,25,15,2,3,0
10,10,26,16,2,3,1
11,1,17,14,0,0,2
11,2,18,14,0,1,2
11,3,19,14,0,2,2
11,4,20,14,0,3,1
11,5,21,14,1,3,1
11,6,22,14,2,3,0
11,7,23,15,2,3,0
11,8,24,16,2,3,2
11,9,25,16,2,4,2
11,10,26,16,2,5,2
12,1,17,13,0,0,2
12,2,18,13,0,1,2
12,3,19,13,0,2,2
12,4,20,13,0,3,3
12,5,21,13,0,3,2
12,6,22,13,0,4,0
12,7,23,14,0,4,1
12,8,24,14,1,4,2
12,9,25,14,1,5,3
12,10,26,14,1,5,2
13,1,17,10,0,0,2
13,2,18,10,0,1,0
13,3,19,11,0,1,0
13,4,20,12,0,1,0
13,5,21,13,0,1,1
13,6,22,13,1,1,2
13,7,23,13,1,2,1
13,8,24,13,2,2,1
13,9,25,13,3,2,2
13,10,26,13,3,3,0
14,1,17,14,0,0,1
14,2,18,14,1,0,2
14,3,19,14,1,1,2
14,4,20,14,1,2,0
14,5,21,15,1,2,1
14,6,22,15,2,2,1
14,7,23,15,3,2,2
14,8,24,15,3,3,1
14,9,25,15,4,3,1
14,10,26,15,5,3,2
15,1,17,14,0,0,1
15,2,18,14,1,0,0
15,3,19,15,1,0,0
15,4,20,16,1,0,0
15,5,21,17,1,0,3
15,6,22,17,1,0,2
15,7,23,17,1,1,2
15,8,24,17,1,2,2
15,9,25,17,1,3,3
15,10,26,17,1,3,1
16,1,17,10,0,0,0
16,2,18,11,0,0,2
16,3,19,11,0,1,0
16,4,20,12,0,1,0
16,5,21,13,0,1,0
16,6,22,14,0,1,1
16,7,23,14,1,1,0
16,8,24,15,1,1,2
16,9,25,15,1,2,1
16,10,26,15,2,2,2
17,1,17,12,0,0,0
17,2,18,13,0,0,0
17,3,19,14,0,0,0
17,4,20,15,0,0,1
17,5,21,15,1,0,1
17,6,22,15,2,0,2
17,7,23,15,2,1,0
17,8,24,16,2,1,0
17,9,25,17,2,1,2
17,10,26,17,2,2,1
18,1,17,14,0,0,0
18,2,18,15,0,0,1
18,3,19,15,1,0,2
18,4,20,15,1,1,0
18,5,21,16,1,1,1
18,6,22,16,2,1,0
18,7,23,17,2,1,2
18,8,24,17,2,2,1
18,9,25,17,3,2,0
18,10,26,18,3,2,2
19,1,17,11,0,0,0
19,2,18,12,0,0,3
19,3,19,12,0,0,0
19,4,20,13,0,0,2
19,5,21,13,0,1,0
19,6,22,14,0,1,0
19,7,23,15,0,1,2
19,8,24,15,0,2,3
19,9,25,15,0,2,2
19,10,26,15,0,3,2
20,1,17,15,0,0,1
20,2,18,15,1,0,2
20,3,19,15,1,1,1
20,4,20,15,2,1,2
20,5,21,15,2,2,2
20,6,22,15,2,3,1
20,7,23,15,3,3,1
20,8,24,15,4,3,1
20,9,25,15,5,3,2
20,10,26,15,5,4,1
21,1,17,11,0,0,1
21,2,18,11,1,0,0
21,3,19,12,1,0,0
21,4,20,13,1,0,2
21,5,21,13,1,1,2
21,6,22,13,1,2,3
21,7,23,13,1,2,1
21,8,24,13,2,2,2
21,9,25,13,2,3,0
21,10,26,14,2,3,3
22,1,17,13,0,0,2
22,2,18,13,0,1,3
22,3,19,13,0,1,2
22,4,20,13,0,2,2
22,5,21,13,0,3,2
22,6,22,13,0,4,1
22,7,23,13,1,4,2
22,8,24,13,1,5,2
22,9,25,13,1,6,2
22,10,26,13,1,7,2
23,1,17,14,0,0,1
23,2,18,14,1,0,0
23,3,19,15,1,0,3
23,4,20,15,1,0,3
23,5,21,15,1,0,2
23,6,22,15,1,1,1
23,7,23,15,2,1,0
23,8,24,16,2,1,0
23,9,25,17,2,1,2
23,10,26,17,2,2,2
24,1,17,16,0,0,1
24,2,18,16,1,0,1
24,3,19,16,2,0,0
24,4,20,17,2,0,3
24,5,21,17,2,0,1
24,6,22,17,3,0,1
24,7,23,17,4,0,1
24,8,24,17,5,0,1
24,9,25,17,6,0,2
24,10,26,17,6,1,1
25,1,17,16,0,0,0
25,2,18,17,0,0,0
25,3,19,18,0,0,1
25,4,20,18,1,0,2
25,5,21,18,1,1,1
25,6,22,18,2,1,2
25,7,23,18,2,2,1
25,8,24,18,3,2,2
25,9,25,18,3,3,1
25,10,26,18,4,3,1
26,1,17,15,0,0,0
26,2,18,16,0,0,0
26,3,19,17,0,0,0
26,4,20,18,0,0,2
26,5,21,18,0,1,2
26,6,22,18,0,2,2
26,7,23,18,0,3,1
26,8,24,18,1,3,1
26,9,25,18,2,3,2
26,10,26,18,2,4,0
27,1,17,16,0,0,0
27,2,18,17,0,0,0
27,3,19,18,0,0,3
27,4,20,18,0,0,1
27,5,21,18,1,0,0
27,6,22,19,1,0,1
27,7,23,19,2,0,0
27,8,24,20,2,0,0
27,9,25,20,2,0,3
27,10,26,20,2,0,3
28,1,17,10,0,0,2
28,2,18,10,0,1,0
28,3,19,11,0,1,0
28,4,20,12,0,1,0
28,5,21,13,0,1,0
28,6,22,14,0,1,2
28,7,23,14,0,2,2
28,8,24,14,0,3,2
28,9,25,14,0,4,3
28,10,26,14,0,4,2
29,1,17,14,0,0,0
29,2,18,15,0,0,0
29,3,19,16,0,0,2
29,4,20,16,0,1,2
29,5,21,16,0,2,2
29,6,22,16,0,3,2
29,7,23,16,0,4,0
29,8,24,17,0,4,2
29,9,25,17,0,5,0
29,10,26,18,0,5,2
30,1,17,10,0,0,0
30,2,18,11,0,0,0
30,3,19,12,0,0,0
30,4,20,13,0,0,3
30,5,21,13,0,0,3
30,6,22,13,0,0,0
30,7,23,14,0,0,2
30,8,24,14,0,1,2
30,9,25,14,0,2,1
30,10,26,14,1,2,2
31,1,17,13,0,0,3
31,2,18,13,0,0,0
31,3,19,14,0,0,3
31,4,20,14,0,0,2
31,5,21,14,0,1,1
31,6,22,14,1,1,0
31,7,23,15,1,1,1
31,8,24,15,2,1,1
31,9,25,15,3,1,2
31,10,26,15,3,2,0
32,1,17,11,0,0,1
32,2,18,11,1,0,0
32,3,19,12,1,0,0
32,4,20,13,1,0,3
32,5,21,13,1,0,0
32,6,22,14,1,0,1
32,7,23,14,2,0,1
32,8,24,14,3,0,1
32,9,25,14,4,0,2
32,10,26,14,4,1,2
33,1,17,16,0,0,2
33,2,18,16,0,1,1
33,3,19,16,1,1,2
33,4,20,16,1,2,1
33,5,21,16,2,2,0
33,6,22,17,2,2,2
33,7,23,17,2,3,1
33,8,24,17,3,3,0
33,9,25,18,3,3,1
33,10,26,18,4,3,2
34,1,17,12,0,0,1
34,2,18,12,1,0,0
34,3,19,13,1,0,0
34,4,20,14,1,0,0
34,5,21,15,1,0,0
34,6,22,16,1,0,1
34,7,23,16,2,0,0
34,8,24,17,2,0,0
34,9,25,18,2,0,0
34,10,26,19,2,0,1
35,1,17,15,0,0,1
35,2,18,15,1,0,0
35,3,19,16,1,0,0
35,4,20,17,1,0,1
35,5,21,17,2,0,2
35,6,22,17,2,1,3
35,7,23,17,2,1,1
35,8,24,17,3,1,2
35,9,25,17,3,2,3
35,10,26,17,3,2,1
36,1,17,14,0,0,1
36,2,18,14,1,0,2
36,3,19,14,1,1,1
36,4,20,14,2,1,0
36,5,21,15,2,1,1
36,6,22,15,3,1,2
36,7,23,15,3,2,0
36,8,24,16,3,2,2
36,9,25,16,3,3,2
36,10,26,16,3,4,2
37,1,17,10,0,0,2
37,2,18,10,0,1,0
37,3,19,11,0,1,0
37,4,20,12,0,1,0
37,5,21,13,0,1,2
37,6,22,13,0,2,1
37,7,23,13,1,2,3
37,8,24,13,1,2,1
37,9,25,13,2,2,1
37,10,26,13,3,2,3
38,1,17,16,0,0,3
38,2,18,16,0,0,1
38,3,19,16,1,0,0
38,4,20,17,1,0,1
38,5,21,17,2,0,1
38,6,22,17,3,0,1
38,7,23,17,4,0,1
38,8,24,17,5,0,1
38,9,25,17,6,0,0
38,10,26,18,6,0,3
39,1,17,16,0,0,1
39,2,18,16,1,0,2
39,3,19,16,1,1,1
39,4,20,16,2,1,3
39,5,21,16,2,1,0
39,6,22,17,2,1,2
39,7,23,17,2,2,1
39,8,24,17,3,2,1
39,9,25,17,4,2,1
39,10,26,17,5,2,1
40,1,17,14,0,0,3
40,2,18,14,0,0,0
40,3,19,15,0,0,0
40,4,20,16,0,0,2
40,5,21,16,0,1,1
40,6,22,16,1,1,0
40,7,23,17,1,1,2
40,8,24,17,1,2,2
40,9,25,17,1,3,2
40,10,26,17,1,4,1
41,1,17,16,0,0,1
41,2,18,16,1,0,3
41,3,19,16,1,0,1
41,4,20,16,2,0,0
41,5,21,17,2,0,3
41,6,22,17,2,0,1
41,7,23,17,3,0,1
41,8,24,17,4,0,1
41,9,25,17,5,0,1
41,10,26,17,6,0,1
42,1,17,14,0,0,3
42,2,18,14,0,0,1
42,3,19,14,1,0,0
42,4,20,15,1,0,2
42,5,21,15,1,1,0
42,6,22,16,1,1,0
42,7,23,17,1,1,2
42,8,24,17,1,2,1
42,9,25,17,2,2,1
42,10,26,17,3,2,1
43,1,17,15,0,0,0
43,2,18,16,0,0,0
43,3,19,17,0,0,3
43,4,20,17,0,0,2
43,5,21,17,0,1,3
43,6,22,17,0,1,1
43,7,23,17,1,1,1
43,8,24,17,2,1,1
43,9,25,17,3,1,0
43,10,26,18,3,1,0
44,1,17,13,0,0,1
44,2,18,13,1,0,0
44,3,19,14,1,0,2
44,4,20,14,1,1,3
44,5,21,14,1,1,0
44,6,22,15,1,1,0
44,7,23,16,1,1,0
44,8,24,17,1,1,0
44,9,25,18,1,1,1
44,10,26,18,2,1,1
45,1,17,14,0,0,2
45,2,18,14,0,1,2
45,3,19,14,0,2,0
45,4,20,15,0,2,0
45,5,21,16,0,2,2
45,6,22,16,0,3,3
45,7,23,16,0,3,0
45,8,24,17,0,3,0
45,9,25,18,0,3,1
45,10,26,18,1,3,1
46,1,17,13,0,0,0
46,2,18,14,0,0,3
46,3,19,14,0,0,3
46,4,20,14,0,0,2
46,5,21,14,0,1,2
46,6,22,14,0,2,3
46,7,23,14,0,2,1
46,8,24,14,1,2,2
46,9,25,14,1,3,3
46,10,26,14,1,3,1
47,1,17,10,0,0,0
47,2,18,11,0,0,3
47,3,19,11,0,0,2
47,4,20,11,0,1,0
47,5,21,12,0,1,1
47,6,22,12,1,1,0
47,7,23,13,1,1,1
47,8,24,13,2,1,2
47,9,25,13,2,2,1
47,10,26,13,3,2,1
48,1,17,12,0,0,0
48,2,18,13,0,0,0
48,3,19,14,0,0,0
48,4,20,15,0,0,3
48,5,21,15,0,0,1
48,6,22,15,1,0,1
48,7,23,15,2,0,1
48,8,24,15,3,0,1
48,9,25,15,4,0,1
48,10,26,15,5,0,3
49,1,17,14,0,0,2
49,2,18,14,0,1,0
49,3,19,15,0,1,0
49,4,20,16,0,1,0
49,5,21,17,0,1,1
49,6,22,17,1,1,1
49,7,23,17,2,1,2
49,8,24,17,2,2,3
49,9,25,17,2,2,0
49,10,26,18,2,2,1
50,1,17,14,0,0,0
50,2,18,15,0,0,0
50,3,19,16,0,0,0
50,4,20,17,0,0,2
50,5,21,17,0,1,0
50,6,22,18,0,1,1
50,7,23,18,1,1,2
50,8,24,18,1,2,1
50,9,25,18,2,2,2
50,10,26,18,2,3,1
51,1,17,12,0,0,0
51,2,18,13,0,0,0
51,3,19,14,0,0,1
51,4,20,14,1,0,0
51,5,21,15,1,0,1
51,6,22,15,2,0,2
51,7,23,15,2,1,1
51,8,24,15,3,1,0
51,9,25,16,3,1,1
51,10,26,16,4,1,3
52,1,17,16,0,0,0
52,2,18,17,0,0,0
52,3,19,18,0,0,1
52,4,20,18,1,0,0
52,5,21,19,1,0,3
52,6,22,19,1,0,3
52,7,23,19,1,0,2
52,8,24,19,1,1,1
52,9,25,19,2,1,1
52,10,26,19,3,1,1
53,1,17,10,0,0,0
53,2,18,11,0,0,0
53,3,19,12,0,0,0
53,4,20,13,0,0,3
53,5,21,13,0,0,2
53,6,22,13,0,1,0
53,7,23,14,0,1,3
53,8,24,14,0,1,1
53,9,25,14,1,1,1
53,10,26,14,2,1,2
54,1,17,13,0,0,3
54,2,18,13,0,0,3
54,3,19,13,0,0,0
54,4,20,14,0,0,1
54,5,21,14,1,0,2
54,6,22,14,1,1,0
54,7,23,15,1,1,2
54,8,24,15,1,2,0
54,9,25,16,1,2,2
54,10,26,16,1,3,0
55,1,17,12,0,0,0
55,2,18,13,0,0,2
55,3,19,13,0,1,1
55,4,20,13,1,1,0
55,5,21,14,1,1,1
55,6,22,14,2,1,0
55,7,23,15,2,1,3
55,8,24,15,2,1,1
55,9,25,15,3,1,3
55,10,26,15,3,1,0
56,1,17,11,0,0,0
56,2,18,12,0,0,2
56,3,19,12,0,1,2
56,4,20,12,0,2,2
56,5,21,12,0,3,0
56,6,22,13,0,3,2
56,7,23,13,0,4,2
56,8,24,13,0,5,3
56,9,25,13,0,5,2
56,10,26,13,0,6,2
57,1,17,15,0,0,1
57,2,18,15,1,0,2
57,3,19,15,1,1,1
57,4,20,15,2,1,2
57,5,21,15,2,2,2
57,6,22,15,2,3,0
57,7,23,16,2,3,2
57,8,24,16,2,4,2
57,9,25,16,2,5,0
57,10,26,17,2,5,3
58,1,17,14,0,0,2
58,2,18,14,0,1,0
58,3,19,15,0,1,0
58,4,20,16,0,1,0
58,5,21,17,0,1,1
58,6,22,17,1,1,1
58,7,23,17,2,1,0
58,8,24,18,2,1,0
58,9,25,19,2,1,1
58,10,26,19,3,1,2
59,1,17,15,0,0,1
59,2,18,15,1,0,2
59,3,19,15,1,1,1
59,4,20,15,2,1,0
59,5,21,16,2,1,1
59,6,22,16,3,1,1
59,7,23,16,4,1,2
59,8,24,16,4,2,2
59,9,25,16,4,3,0
59,10,26,17,4,3,0
60,1,17,15,0,0,3
60,2,18,15,0,0,1
60,3,19,15,1,0,2
60,4,20,15,1,1,2
60,5,21,15,1,2,3
60,6,22,15,1,2,3
60,7,23,15,1,2,0
60,8,24,16,1,2,1
60,9,25,16,2,2,3
60,10,26,16,2,2,1
61,1,17,10,0,0,3
61,2,18,10,0,0,1
61,3,19,10,1,0,0
61,4,20,11,1,0,1
61,5,21,11,2,0,0
61,6,22,12,2,0,2
61,7,23,12,2,1,2
61,8,24,12,2,2,3
61,9,25,12,2,2,1
61,10,26,12,3,2,0
62,1,17,13,0,0,0
62,2,18,14,0,0,1
62,3,19,14,1,0,2
62,4,20,14,1,1,1
62,5,21,14,2,1,2
62,6,22,14,2,2,1
62,7,23,14,3,2,2
62,8,24,14,3,3,1
62,9,25,14,4,3,2
62,10,26,14,4,4,3
63,1,17,11,0,0,0
63,2,18,12,0,0,1
63,3,19,12,1,0,1
63,4,20,12,2,0,2
63,5,21,12,2,1,0
63,6,22,13,2,1,1
63,7,23,13,3,1,2
63,8,24,13,3,2,0
63,9,25,14,3,2,2
63,10,26,14,3,3,1
64,1,17,16,0,0,3
64,2,18,16,0,0,1
64,3,19,16,1,0,1
64,4,20,16,2,0,2
64,5,21,16,2,1,1
64,6,22,16,3,1,2
64,7,23,16,3,2,3
64,8,24,16,3,2,1
64,9,25,16,4,2,3
64,10,26,16,4,2,0
65,1,17,12,0,0,0
65,2,18,13,0,0,0
65,3,19,14,0,0,0
65,4,20,15,0,0,1
65,5,21,15,1,0,0
65,6,22,16,1,0,3
65,7,23,16,1,0,2
65,8,24,16,1,1,0
65,9,25,17,1,1,1
65,10,26,17,2,1,2
66,1,17,15,0,0,0
66,2,18,16,0,0,2
66,3,19,16,0,1,1
66,4,20,16,1,1,2
66,5,21,16,1,2,2
66,6,22,16,1,3,3
66,7,23,16,1,3,2
66,8,24,16,1,4,3
66,9,25,16,1,4,1
66,10,26,16,2,4,1
67,1,17,15,0,0,0
67,2,18,16,0,0,0
67,3,19,17,0,0,2
67,4,20,17,0,1,0
67,5,21,18,0,1,1
67,6,22,18,1,1,2
67,7,23,18,1,2,1
67,8,24,18,2,2,1
67,9,25,18,3,2,3
67,10,26,18,3,2,3
68,1,17,10,0,0,0
68,2,18,11,0,0,0
68,3,19,12,0,0,0
68,4,20,13,0,0,3
68,5,21,13,0,0,2
68,6,22,13,0,1,2
68,7,23,13,0,2,1
68,8,24,13,1,2,0
68,9,25,14,1,2,2
68,10,26,14,1,3,0
69,1,17,16,0,0,1
69,2,18,16,1,0,1
69,3,19,16,2,0,3
69,4,20,16,2,0,3
69,5,21,16,2,0,0
69,6,22,17,2,0,2
69,7,23,17,2,1,1
69,8,24,17,3,1,1
69,9,25,17,4,1,3
69,10,26,17,4,1,2
70,1,17,15,0,0,3
70,2,18,15,0,0,2
70,3,19,15,0,1,3
70,4,20,15,0,1,1
70,5,21,15,1,1,1
70,6,22,15,2,1,1
70,7,23,15,3,1,2
70,8,24,15,3,2,0
70,9,25,16,3,2,0
70,10,26,17,3,2,1
71,1,17,13,0,0,0
71,2,18,14,0,0,0
71,3,19,15,0,0,2
71,4,20,15,0,1,2
71,5,21,15,0,2,0
71,6,22,16,0,2,2
71,7,23,16,0,3,2
71,8,24,16,0,4,2
71,9,25,16,0,5,3
71,10,26,16,0,5,2
72,1,17,11,0,0,0
72,2,18,12,0,0,1
72,3,19,12,1,0,0
72,4,20,13,1,0,1
72,5,21,13,2,0,3
72,6,22,13,2,0,0
72,7,23,14,2,0,1
72,8,24,14,3,0,3
72,9,25,14,3,0,3
72,10,26,14,3,0,1
73,1,17,16,0,0,1
73,2,18,16,1,0,2
73,3,19,16,1,1,0
73,4,20,17,1,1,3
73,5,21,17,1,1,1
73,6,22,17,2,1,0
73,7,23,18,2,1,2
73,8,24,18,2,2,3
73,9,25,18,2,2,1
73,10,26,18,3,2,2
74,1,17,14,0,0,0
74,2,18,15,0,0,3
74,3,19,15,0,0,3
74,4,20,15,0,0,2
74,5,21,15,0,1,3
74,6,22,15,0,1,2
74,7,23,15,0,2,1
74,8,24,15,1,2,3
74,9,25,15,1,2,3
74,10,26,15,1,2,1
75,1,17,13,0,0,0
75,2,18,14,0,0,0
75,3,19,15,0,0,0
75,4,20,16,0,0,1
75,5,21,16,1,0,1
75,6,22,16,2,0,0
75,7,23,17,2,0,1
75,8,24,17,3,0,2
75,9,25,17,3,1,0
75,10,26,18,3,1,3
76,1,17,10,0,0,0
76,2,18,11,0,0,0
76,3,19,12,0,0,2
76,4,20,12,0,1,1
76,5,21,12,1,1,3
76,6,22,12,1,1,2
76,7,23,12,1,2,1
76,8,24,12,2,2,2
76,9,25,12,2,3,1
76,10,26,12,3,3,2
77,1,17,14,0,0,1
77,2,18,14,1,0,3
77,3,19,14,1,0,0
77,4,20,15,1,0,0
77,5,21,16,1,0,1
77,6,22,16,2,0,1
77,7,23,16,3,0,2
77,8,24,16,3,1,1
77,9,25,16,4,1,0
77,10,26,17,4,1,1
78,1,17,14,0,0,0
78,2,18,15,0,0,0
78,3,19,16,0,0,0
78,4,20,17,0,0,0
78,5,21,18,0,0,3
78,6,22,18,0,0,1
78,7,23,18,1,0,0
78,8,24,19,1,0,1
78,9,25,19,2,0,1
78,10,26,19,3,0,1
79,1,17,10,0,0,0
79,2,18,11,0,0,0
79,3,19,12,0,0,3
79,4,20,12,0,0,3
79,5,21,12,0,0,2
79,6,22,12,0,1,2
79,7,23,12,0,2,2
79,8,24,12,0,3,1
79,9,25,12,1,3,1
79,10,26,12,2,3,1
80,1,17,15,0,0,1
80,2,18,15,1,0,1
80,3,19,15,2,0,3
80,4,20,15,2,0,3
80,5,21,15,2,0,0
80,6,22,16,2,0,2
80,7,23,16,2,1,1
80,8,24,16,3,1,2
80,9,25,16,3,2,2
80,10,26,16,3,3,2
81,1,17,14,0,0,0
81,2,18,15,0,0,0
81,3,19,16,0,0,0
81,4,20,17,0,0,1
81,5,21,17,1,0,1
81,6,22,17,2,0,2
81,7,23,17,2,1,1
81,8,24,17,3,1,3
81,9,25,17,3,1,3
81,10,26,17,3,1,2
82,1,17,15,0,0,2
82,2,18,15,0,1,0
82,3,19,16,0,1,1
82,4,20,16,1,1,1
82,5,21,16,2,1,1
82,6,22,16,3,1,3
82,7,23,16,3,1,2
82,8,24,16,3,2,2
82,9,25,16,3,3,1
82,10,26,16,4,3,1
83,1,17,16,0,0,2
83,2,18,16,0,1,0
83,3,19,17,0,1,3
83,4,20,17,0,1,2
83,5,21,17,0,2,3
83,6,22,17,0,2,2
83,7,23,17,0,3,2
83,8,24,17,0,4,1
83,9,25,17,1,4,2
83,10,26,17,1,5,2
84,1,17,14,0,0,0
84,2,18,15,0,0,3
84,3,19,15,0,0,0
84,4,20,16,0,0,3
84,5,21,16,0,0,2
84,6,22,16,0,1,2
84,7,23,16,0,2,1
84,8,24,16,1,2,1
84,9,25,16,2,2,0
84,10,26,17,2,2,0
85,1,17,15,0,0,3
85,2,18,15,0,0,2
85,3,19,15,0,1,2
85,4,20,15,0,2,1
85,5,21,15,1,2,3
85,6,22,15,1,2,2
85,7,23,15,1,3,2
85,8,24,15,1,4,1
85,9,25,15,2,4,2
85,10,26,15,2,5,2
86,1,17,14,0,0,2
86,2,18,14,0,1,3
86,3,19,14,0,1,3
86,4,20,14,0,1,3
86,5,21,14,0,1,1
86,6,22,14,1,1,3
86,7,23,14,1,1,3
86,8,24,14,1,1,1
86,9,25,14,2,1,1
86,10,26,14,3,1,1
87,1,17,10,0,0,1
87,2,18,10,1,0,0
87,3,19,11,1,0,0
87,4,20,12,1,0,0
87,5,21,13,1,0,1
87,6,22,13,2,0,1
87,7,23,13,3,0,0
87,8,24,14,3,0,1
87,9,25,14,4,0,1
87,10,26,14,5,0,3
88,1,17,13,0,0,2
88,2,18,13,0,1,0
88,3,19,14,0,1,1
88,4,20,14,1,1,2
88,5,21,14,1,2,1
88,6,22,14,2,2,1
88,7,23,14,3,2,1
88,8,24,14,4,2,1
88,9,25,14,5,2,2
88,10,26,14,5,3,1
89,1,17,16,0,0,0
89,2,18,17,0,0,1
89,3,19,17,1,0,1
89,4,20,17,2,0,1
89,5,21,17,3,0,2
89,6,22,17,3,1,0
89,7,23,18,3,1,3
89,8,24,18,3,1,0
89,9,25,19,3,1,1
89,10,26,19,4,1,1
90,1,17,13,0,0,0
90,2,18,14,0,0,0
90,3,19,15,0,0,1
90,4,20,15,1,0,1
90,5,21,15,2,0,3
90,6,22,15,2,0,1
90,7,23,15,3,0,2
90,8,24,15,3,1,0
90,9,25,16,3,1,1
90,10,26,16,4,1,1
91,1,17,10,0,0,0
91,2,18,11,0,0,0
91,3,19,12,0,0,2
91,4,20,12,0,1,0
91,5,21,13,0,1,0
91,6,22,14,0,1,0
91,7,23,15,0,1,1
91,8,24,15,1,1,1
91,9,25,15,2,1,3
91,10,26,15,2,1,3
92,1,17,16,0,0,2
92,2,18,16,0,1,3
92,3,19,16,0,1,3
92,4,20,16,0,1,1
92,5,21,16,1,1,3
92,6,22,16,1,1,2
92,7,23,16,1,2,0
92,8,24,17,1,2,3
92,9,25,17,1,2,2
92,10,26,17,1,3,1
93,1,17,16,0,0,1
93,2,18,16,1,0,3
93,3,19,16,1,0,1
93,4,20,16,2,0,3
93,5,21,16,2,0,3
93,6,22,16,2,0,0
93,7,23,17,2,0,0
93,8,24,18,2,0,1
93,9,25,18,3,0,0
93,10,26,19,3,0,0
94,1,17,12,0,0,3
94,2,18,12,0,0,1
94,3,19,12,1,0,2
94,4,20,12,1,1,2
94,5,21,12,1,2,2
94,6,22,12,1,3,0
94,7,23,13,1,3,3
94,8,24,13,1,3,1
94,9,25,13,2,3,2
94,10,26,13,2,4,2
95,1,17,15,0,0,1
95,2,18,15,1,0,1
95,3,19,15,2,0,2
95,4,20,15,2,1,0
95,5,21,16,2,1,1
95,6,22,16,3,1,2
95,7,23,16,3,2,2
95,8,24,16,3,3,3
95,9,25,16,3,3,2
95,10,26,16,3,4,2
96,1,17,16,0,0,0
96,2,18,17,0,0,2
96,3,19,17,0,1,3
96,4,20,17,0,1,1
96,5,21,17,1,1,1
96,6,22,17,2,1,1
96,7,23,17,3,1,2
96,8,24,17,3,2,3
96,9,25,17,3,2,3
96,10,26,17,3,2,1
97,1,17,10,0,0,3
97,2,18,10,0,0,0
97,3,19,11,0,0,2
97,4,20,11,0,1,2
97,5,21,11,0,2,1
97,6,22,11,1,2,2
97,7,23,11,1,3,0
97,8,24,12,1,3,1
97,9,25,12,2,3,0
97,10,26,13,2,3,2
98,1,17,16,0,0,0
98,2,18,17,0,0,1
98,3,19,17,1,0,3
98,4,20,17,1,0,1
98,5,21,17,2,0,3
98,6,22,17,2,0,3
98,7,23,17,2,0,0
98,8,24,18,2,0,2
98,9,25,18,2,1,2
98,10,26,18,2,2,1
99,1,17,14,0,0,1
99,2,18,14,1,0,0
99,3,19,15,1,0,2
99,4,20,15,1,1,2
99,5,21,15,1,2,0
99,6,22,16,1,2,0
99,7,23,17,1,2,3
99,8,24,17,1,2,3
99,9,25,17,1,2,3
99,10,26,17,1,2,1
100,1,17,12,0,0,0
100,2,18,13,0,0,2
100,3,19,13,0,1,2
100,4,20,13,0,2,0
100,5,21,14,0,2,0
100,6,22,15,0,2,2
100,7,23,15,0,3,0
100,8,24,16,0,3,1
100,9,25,16,1,3,1
100,10,26,16,2,3,3
101,1,17,12,0,0,2
101,2,18,12,0,1,0
101,3,19,13,0,1,2
101,4,20,13,0,2,3
101,5,21,13,0,2,1
101,6,22,13,1,2,1
101,7,23,13,2,2,1
101,8,24,13,3,2,2
101,9,25,13,3,3,2
101,10,26,13,3,4,3
102,1,17,14,0,0,1
102,2,18,14,1,0,1
102,3,19,14,2,0,1
102,4,20,14,3,0,2
102,5,21,14,3,1,0
102,6,22,15,3,1,3
102,7,23,15,3,1,1
102,8,24,15,4,1,2
102,9,25,15,4,2,2
102,10,26,15,4,3,3
103,1,17,15,0,0,1
103,2,18,15,1,0,3
103,3,19,15,1,0,0
103,4,20,16,1,0,1
103,5,21,16,2,0,2
103,6,22,16,2,1,2
103,7,23,16,2,2,3
103,8,24,16,2,2,1
103,9,25,16,3,2,2
103,10,26,16,3,3,2
104,1,17,16,0,0,1
104,2,18,16,1,0,3
104,3,19,16,1,0,2
104,4,20,16,1,1,3
104,5,21,16,1,1,1
104,6,22,16,2,1,1
104,7,23,16,3,1,2
104,8,24,16,3,2,2
104,9,25,16,3,3,1
104,10,26,16,4,3,1
105,1,17,14,0,0,0
105,2,18,15,0,0,2
105,3,19,15,0,1,0
105,4,20,16,0,1,2
105,5,21,16,0,2,0
105,6,22,17,0,2,2
105,7,23,17,0,3,2
105,8,24,17,0,4,2
105,9,25,17,0,5,2
105,10,26,17,0,6,2
106,1,17,10,0,0,0
106,2,18,11,0,0,0
106,3,19,12,0,0,0
106,4,20,13,0,0,2
106,5,21,13,0,1,0
106,6,22,14,0,1,0
106,7,23,15,0,1,2
106,8,24,15,0,2,0
106,9,25,16,0,2,0
106,10,26,17,0,2,1
107,1,17,16,0,0,0
107,2,18,17,0,0,1
107,3,19,17,1,0,2
107,4,20,17,1,1,1
107,5,21,17,2,1,1
107,6,22,17,3,1,1
107,7,23,17,4,1,2
107,8,24,17,4,2,3
107,9,25,17,4,2,3
107,10,26,17,4,2,1
108,1,17,12,0,0,0
108,2,18,13,0,0,2
108,3,19,13,0,1,0
108,4,20,14,0,1,0
108,5,21,15,0,1,1
108,6,22,15,1,1,0
108,7,23,16,1,1,1
108,8,24,16,2,1,1
108,9,25,16,3,1,1
108,10,26,16,4,1,0
109,1,17,16,0,0,3
109,2,18,16,0,0,1
109,3,19,16,1,0,1
109,4,20,16,2,0,3
109,5,21,16,2,0,1
109,6,22,16,3,0,1
109,7,23,16,4,0,2
109,8,24,16,4,1,0
109,9,25,17,4,1,1
109,10,26,17,5,1,1
110,1,17,12,0,0,3
110,2,18,12,0,0,0
110,3,19,13,0,0,2
110,4,20,13,0,1,0
110,5,21,14,0,1,0
110,6,22,15,0,1,2
110,7,23,15,0,2,0
110,8,24,16,0,2,1
110,9,25,16,1,2,3
110,10,26,16,1,2,0
111,1,17,15,0,0,2
111,2,18,15,0,1,0
111,3,19,16,0,1,3
111,4,20,16,0,1,3
111,5,21,16,0,1,1
111,6,22,16,1,1,3
111,7,23,16,1,1,1
111,8,24,16,2,1,1
111,9,25,16,3,1,2
111,10,26,16,3,2,2
112,1,17,12,0,0,0
112,2,18,13,0,0,0
112,3,19,14,0,0,0
112,4,20,15,0,0,2
112,5,21,15,0,1,0
112,6,22,16,0,1,0
112,7,23,17,0,1,3
112,8,24,17,0,1,0
112,9,25,18,0,1,2
112,10,26,18,0,2,0
113,1,17,12,0,0,3
113,2,18,12,0,0,2
113,3,19,12,0,1,0
113,4,20,13,0,1,0
113,5,21,14,0,1,2
113,6,22,14,0,2,3
113,7,23,14,0,2,1
113,8,24,14,1,2,2
113,9,25,14,1,3,0
113,10,26,15,1,3,3
114,1,17,13,0,0,0
114,2,18,14,0,0,0
114,3,19,15,0,0,0
114,4,20,16,0,0,2
114,5,21,16,0,1,0
114,6,22,17,0,1,2
114,7,23,17,0,2,1
114,8,24,17,1,2,2
114,9,25,17,1,3,2
114,10,26,17,1,4,2
115,1,17,12,0,0,0
115,2,18,13,0,0,0
115,3,19,14,0,0,0
115,4,20,15,0,0,0
115,5,21,16,0,0,2
115,6,22,16,0,1,2
115,7,23,16,0,2,3
115,8,24,16,0,2,0
115,9,25,17,0,2,0
115,10,26,18,0,2,2
116,1,17,16,0,0,0
116,2,18,17,0,0,2
116,3,19,17,0,1,3
116,4,20,17,0,1,0
116,5,21,18,0,1,0
116,6,22,19,0,1,0
116,7,23,20,0,1,1
116,8,24,20,1,1,0
116,9,25,20,1,1,3
116,10,26,20,1,1,0
117,1,17,12,0,0,2
117,2,18,12,0,1,1
117,3,19,12,1,1,1
117,4,20,12,2,1,2
117,5,21,12,2,2,1
117,6,22,12,3,2,2
117,7,23,12,3,3,2
117,8,24,12,3,4,2
117,9,25,12,3,5,1
117,10,26,12,4,5,2
118,1,17,10,0,0,0
118,2,18,11,0,0,0
118,3,19,12,0,0,0
118,4,20,13,0,0,0
118,5,21,14,0,0,0
118,6,22,15,0,0,0
118,7,23,16,0,0,0
118,8,24,17,0,0,1
118,9,25,17,1,0,3
118,10,26,17,1,0,1
119,1,17,13,0,0,1
119,2,18,13,1,0,0
119,3,19,14,1,0,1
119,4,20,14,2,0,0
119,5,21,15,2,0,0
119,6,22,16,2,0,2
119,7,23,16,2,1,1
119,8,24,16,3,1,2
119,9,25,16,3,2,1
119,10,26,16,4,2,1
120,1,17,16,0,0,2
120,2,18,16,0,1,2
120,3,19,16,0,2,1
120,4,20,16,1,2,1
120,5,21,16,2,2,2
120,6,22,16,2,3,1
120,7,23,16,3,3,0
120,8,24,17,3,3,1
120,9,25,17,4,3,1
120,10,26,17,5,3,1
121,1,17,14,0,0,3
121,2,18,14,0,0,0
121,3,19,15,0,0,0
121,4,20,16,0,0,2
121,5,21,16,0,1,2
121,6,22,16,0,2,1
121,7,23,16,1,2,1
121,8,24,16,2,2,2
121,9,25,16,2,3,2
121,10,26,16,2,4,2
122,1,17,16,0,0,0
122,2,18,17,0,0,1
122,3,19,17,1,0,1
122,4,20,17,2,0,3
122,5,21,17,2,0,2
122,6,22,17,2,1,2
122,7,23,17,2,2,3
122,8,24,17,2,2,0
122,9,25,18,2,2,2
122,10,26,18,2,3,2
123,1,17,11,0,0,0
123,2,18,12,0,0,0
123,3,19,13,0,0,0
123,4,20,14,0,0,0
123,5,21,15,0,0,0
123,6,22,16,0,0,1
123,7,23,16,1,0,2
123,8,24,16,1,1,3
123,9,25,16,1,1,2
123,10,26,16,1,2,0
124,1,17,14,0,0,1
124,2,18,14,1,0,2
124,3,19,14,1,1,1
124,4,20,14,2,1,0
124,5,21,15,2,1,0
124,6,22,16,2,1,0
124,7,23,17,2,1,2
124,8,24,17,2,2,1
124,9,25,17,3,2,2
124,10,26,17,3,3,2
125,1,17,16,0,0,0
125,2,18,17,0,0,1
125,3,19,17,1,0,3
125,4,20,17,1,0,1
125,5,21,17,2,0,1
125,6,22,17,3,0,2
125,7,23,17,3,1,2
125,8,24,17,3,2,2
125,9,25,17,3,3,2
125,10,26,17,3,4,2
126,1,17,15,0,0,2
126,2,18,15,0,1,0
126,3,19,16,0,1,3
126,4,20,16,0,1,0
126,5,21,17,0,1,0
126,6,22,18,0,1,1
126,7,23,18,1,1,1
126,8,24,18,2,1,0
126,9,25,19,2,1,3
126,10,26,19,2,1,0
127,1,17,14,0,0,2
127,2,18,14,0,1,0
127,3,19,15,0,1,2
127,4,20,15,0,2,1
127,5,21,15,1,2,2
127,6,22,15,1,3,3
127,7,23,15,1,3,0
127,8,24,16,1,3,1
127,9,25,16,2,3,1
127,10,26,16,3,3,1
128,1,17,14,0,0,1
128,2,18,14,1,0,1
128,3,19,14,2,0,0
128,4,20,15,2,0,3
128,5,21,15,2,0,2
128,6,22,15,2,1,3
128,7,23,15,2,1,0
128,8,24,16,2,1,0
128,9,25,17,2,1,1
128,10,26,17,3,1,1
129,1,17,16,0,0,2
129,2,18,16,0,1,2
129,3,19,16,0,2,2
129,4,20,16,0,3,2
129,5,21,16,0,4,3
129,6,22,16,0,4,1
129,7,23,16,1,4,2
129,8,24,16,1,5,1
129,9,25,16,2,5,1
129,10,26,16,3,5,1
130,1,17,14,0,0,0
130,2,18,15,0,0,0
130,3,19,16,0,0,1
130,4,20,16,1,0,1
130,5,21,16,2,0,3
130,6,22,16,2,0,2
130,7,23,16,2,1,3
130,8,24,16,2,1,3
130,9,25,16,2,1,2
130,10,26,16,2,2,1
131,1,17,11,0,0,0
131,2,18,12,0,0,2
131,3,19,12,0,1,3
131,4,20,12,0,1,0
131,5,21,13,0,1,2
131,6,22,13,0,2,0
131,7,23,14,0,2,3
131,8,24,14,0,2,1
131,9,25,14,1,2,1
131,10,26,14,2,2,2
132,1,17,11,0,0,1
132,2,18,11,1,0,0
132,3,19,12,1,0,2
132,4,20,12,1,1,0
132,5,21,13,1,1,1
132,6,22,13,2,1,3
132,7,23,13,2,1,2
132,8,24,13,2,2,2
132,9,25,13,2,3,1
132,10,26,13,3,3,2
133,1,17,10,0,0,2
133,2,18,10,0,1,0
133,3,19,11,0,1,2
133,4,20,11,0,2,0
133,5,21,12,0,2,1
133,6,22,12,1,2,0
133,7,23,13,1,2,1
133,8,24,13,2,2,1
133,9,25,13,3,2,2
133,10,26,13,3,3,0
134,1,17,14,0,0,3
134,2,18,14,0,0,3
134,3,19,14,0,0,0
134,4,20,15,0,0,1
134,5,21,15,1,0,3
134,6,22,15,1,0,1
134,7,23,15,2,0,2
134,8,24,15,2,1,2
134,9,25,15,2,2,0
134,10,26,16,2,2,1
135,1,17,11,0,0,0
135,2,18,12,0,0,0
135,3,19,13,0,0,0
135,4,20,14,0,0,2
135,5,21,14,0,1,1
135,6,22,14,1,1,2
135,7,23,14,1,2,2
135,8,24,14,1,3,2
135,9,25,14,1,4,2
135,10,26,14,1,5,2
136,1,17,15,0,0,2
136,2,18,15,0,1,1
136,3,19,15,1,1,0
136,4,20,16,1,1,1
136,5,21,16,2,1,1
136,6,22,16,3,1,2
136,7,23,16,3,2,1
136,8,24,16,4,2,1
136,9,25,16,5,2,2
136,10,26,16,5,3,1
137,1,17,12,0,0,0
137,2,18,13,0,0,1
137,3,19,13,1,0,0
137,4,20,14,1,0,0
137,5,21,15,1,0,2
137,6,22,15,1,1,2
137,7,23,15,1,2,0
137,8,24,16,1,2,1
137,9,25,16,2,2,1
137,10,26,16,3,2,3
138,1,17,10,0,0,0
138,2,18,11,0,0,0
138,3,19,12,0,0,2
138,4,20,12,0,1,0
138,5,21,13,0,1,1
138,6,22,13,1,1,0
138,7,23,14,1,1,1
138,8,24,14,2,1,1
138,9,25,14,3,1,0
138,10,26,15,3,1,1
139,1,17,12,0,0,2
139,2,18,12,0,1,0
139,3,19,13,0,1,2
139,4,20,13,0,2,2
139,5,21,13,0,3,1
139,6,22,13,1,3,1
139,7,23,13,2,3,1
139,8,24,13,3,3,1
139,9,25,13,4,3,1
139,10,26,13,5,3,3
140,1,17,14,0,0,2
140,2,18,14,0,1,3
140,3,19,14,0,1,0
140,4,20,15,0,1,1
140,5,21,15,1,1,2
140,6,22,15,1,2,1
140,7,23,15,2,2,1
140,8,24,15,3,2,1
140,9,25,15,4,2,2
140,10,26,15,4,3,2
141,1,17,10,0,0,0
141,2,18,11,0,0,0
141,3,19,12,0,0,2
141,4,20,12,0,1,3
141,5,21,12,0,1,0
141,6,22,13,0,1,3
141,7,23,13,0,1,3
141,8,24,13,0,1,1
141,9,25,13,1,1,0
141,10,26,14,1,1,2
142,1,17,15,0,0,0
142,2,18,16,0,0,2
142,3,19,16,0,1,2
142,4,20,16,0,2,1
142,5,21,16,1,2,2
142,6,22,16,1,3,2
142,7,23,16,1,4,1
142,8,24,16,2,4,1
142,9,25,16,3,4,2
142,10,26,16,3,5,2
143,1,17,13,0,0,0
143,2,18,14,0,0,0
143,3,19,15,0,0,0
143,4,20,16,0,0,3
143,5,21,16,0,0,2
143,6,22,16,0,1,1
143,7,23,16,1,1,0
143,8,24,17,1,1,1
143,9,25,17,2,1,0
143,10,26,18,2,1,1
144,1,17,11,0,0,0
144,2,18,12,0,0,3
144,3,19,12,0,0,1
144,4,20,12,1,0,0
144,5,21,13,1,0,1
144,6,22,13,2,0,0
144,7,23,14,2,0,2
144,8,24,14,2,1,2
144,9,25,14,2,2,1
144,10,26,14,3,2,2
145,1,17,14,0,0,1
145,2,18,14,1,0,0
145,3,19,15,1,0,2
145,4,20,15,1,1,0
145,5,21,16,1,1,2
145,6,22,16,1,2,0
145,7,23,17,1,2,0
145,8,24,18,1,2,1
145,9,25,18,2,2,2
145,10,26,18,2,3,1
146,1,17,12,0,0,0
146,2,18,13,0,0,0
146,3,19,14,0,0,1
146,4,20,14,1,0,2
146,5,21,14,1,1,0
146,6,22,15,1,1,0
146,7,23,16,1,1,2
146,8,24,16,1,2,2
146,9,25,16,1,3,3
146,10,26,16,1,3,0
147,1,17,13,0,0,0
147,2,18,14,0,0,2
147,3,19,14,0,1,1
147,4,20,14,1,1,1
147,5,21,14,2,1,2
147,6,22,14,2,2,2
147,7,23,14,2,3,1
147,8,24,14,3,3,2
147,9,25,14,3,4,1
147,10,26,14,4,4,2
148,1,17,15,0,0,0
148,2,18,16,0,0,3
148,3,19,16,0,0,1
148,4,20,16,1,0,0
148,5,21,17,1,0,2
148,6,22,17,1,1,1
148,7,23,17,2,1,1
148,8,24,17,3,1,2
148,9,25,17,3,2,1
148,10,26,17,4,2,2
149,1,17,14,0,0,2
149,2,18,14,0,1,2
149,3,19,14,0,2,0
149,4,20,15,0,2,1
149,5,21,15,1,2,1
149,6,22,15,2,2,0
149,7,23,16,2,2,2
149,8,24,16,2,3,2
149,9,25,16,2,4,1
149,10,26,16,3,4,2
150,1,17,11,0,0,0
150,2,18,12,0,0,0
150,3,19,13,0,0,0
150,4,20,14,0,0,0
150,5,21,15,0,0,0
150,6,22,16,0,0,1
150,7,23,16,1,0,3
150,8,24,16,1,0,1
150,9,25,16,2,0,0
150,10,26,17,2,0,2
151,1,17,15,0,0,1
151,2,18,15,1,0,1
151,3,19,15,2,0,2
151,4,20,15,2,1,3
151,5,21,15,2,1,3
151,6,22,15,2,1,2
151,7,23,15,2,2,3
151,8,24,15,2,2,1
151,9,25,15,3,2,3
151,10,26,15,3,2,2
152,1,17,10,0,0,0
152,2,18,11,0,0,0
152,3,19,12,0,0,1
152,4,20,12,1,0,0
152,5,21,13,1,0,0
152,6,22,14,1,0,2
152,7,23,14,1,1,1
152,8,24,14,2,1,2
152,9,25,14,2,2,3
152,10,26,14,2,2,2
153,1,17,16,0,0,3
153,2,18,16,0,0,3
153,3,19,16,0,0,1
153,4,20,16,1,0,1
153,5,21,16,2,0,1
153,6,22,16,3,0,1
153,7,23,16,4,0,3
153,8,24,16,4,0,1
153,9,25,16,5,0,0
153,10,26,17,5,0,1
154,1,17,16,0,0,1
154,2,18,16,1,0,0
154,3,19,17,1,0,0
154,4,20,18,1,0,1
154,5,21,18,2,0,2
154,6,22,18,2,1,1
154,7,23,18,3,1,1
154,8,24,18,4,1,3
154,9,25,18,4,1,2
154,10,26,18,4,2,2
155,1,17,10,0,0,2
155,2,18,10,0,1,0
155,3,19,11,0,1,0
155,4,20,12,0,1,0
155,5,21,13,0,1,3
155,6,22,13,0,1,2
155,7,23,13,0,2,1
155,8,24,13,1,2,1
155,9,25,13,2,2,0
155,10,26,14,2,2,2
156,1,17,12,0,0,1
156,2,18,12,1,0,2
156,3,19,12,1,1,0
156,4,20,13,1,1,0
156,5,21,14,1,1,3
156,6,22,14,1,1,3
156,7,23,14,1,1,2
156,8,24,14,1,2,2
156,9,25,14,1,3,1
156,10,26,14,2,3,2
157,1,17,13,0,0,1
157,2,18,13,1,0,0
157,3,19,14,1,0,2
157,4,20,14,1,1,0
157,5,21,15,1,1,0
157,6,22,16,1,1,2
157,7,23,16,1,2,2
157,8,24,16,1,3,2
157,9,25,16,1,4,2
157,10,26,16,1,5,1
158,1,17,15,0,0,0
158,2,18,16,0,0,2
158,3,19,16,0,1,2
158,4,20,16,0,2,1
158,5,21,16,1,2,2
158,6,22,16,1,3,1
158,7,23,16,2,3,2
158,8,24,16,2,4,1
158,9,25,16,3,4,1
158,10,26,16,4,4,0
159,1,17,14,0,0,1
159,2,18,14,1,0,1
159,3,19,14,2,0,0
159,4,20,15,2,0,0
159,5,21,16,2,0,0
159,6,22,17,2,0,1
159,7,23,17,3,0,0
159,8,24,18,3,0,1
159,9,25,18,4,0,0
159,10,26,19,4,0,2
160,1,17,10,0,0,2
160,2,18,10,0,1,3
160,3,19,10,0,1,0
160,4,20,11,0,1,3
160,5,21,11,0,1,0
160,6,22,12,0,1,3
160,7,23,12,0,1,1
160,8,24,12,1,1,1
160,9,25,12,2,1,0
160,10,26,13,2,1,0
161,1,17,10,0,0,2
161,2,18,10,0,1,0
161,3,19,11,0,1,0
161,4,20,12,0,1,0
161,5,21,13,0,1,1
161,6,22,13,1,1,2
161,7,23,13,1,2,2
161,8,24,13,1,3,3
161,9,25,13,1,3,0
161,10,26,14,1,3,2
162,1,17,10,0,0,3
162,2,18,10,0,0,0
162,3,19,11,0,0,0
162,4,20,12,0,0,3
162,5,21,12,0,0,1
162,6,22,12,1,0,0
162,7,23,13,1,0,1
162,8,24,13,2,0,1
162,9,25,13,3,0,2
162,10,26,13,3,1,0
163,1,17,16,0,0,2
163,2,18,16,0,1,3
163,3,19,16,0,1,3
163,4,20,16,0,1,2
163,5,21,16,0,2,1
163,6,22,16,1,2,3
163,7,23,16,1,2,2
163,8,24,16,1,3,1
163,9,25,16,2,3,0
163,10,26,17,2,3,2
164,1,17,11,0,0,0
164,2,18,12,0,0,0
164,3,19,13,0,0,1
164,4,20,13,1,0,1
164,5,21,13,2,0,2
164,6,22,13,2,1,2
164,7,23,13,2,2,2
164,8,24,13,2,3,3
164,9,25,13,2,3,2
164,10,26,13,2,4,2
165,1,17,13,0,0,3
165,2,18,13,0,0,2
165,3,19,13,0,1,2
165,4,20,13,0,2,2
165,5,21,13,0,3,1
165,6,22,13,1,3,0
165,7,23,14,1,3,2
165,8,24,14,1,4,2
165,9,25,14,1,5,0
165,10,26,15,1,5,2
166,1,17,10,0,0,0
166,2,18,11,0,0,2
166,3,19,11,0,1,0
166,4,20,12,0,1,1
166,5,21,12,1,1,0
166,6,22,13,1,1,0
166,7,23,14,1,1,1
166,8,24,14,2,1,1
166,9,25,14,3,1,1
166,10,26,14,4,1,2
167,1,17,10,0,0,0
167,2,18,11,0,0,2
167,3,19,11,0,1,0
167,4,20,12,0,1,2
167,5,21,12,0,2,0
167,6,22,13,0,2,3
167,7,23,13,0,2,3
167,8,24,13,0,2,1
167,9,25,13,1,2,3
167,10,26,13,1,2,1
168,1,17,12,0,0,1
168,2,18,12,1,0,0
168,3,19,13,1,0,2
168,4,20,13,1,1,0
168,5,21,14,1,1,0
168,6,22,15,1,1,0
168,7,23,16,1,1,1
168,8,24,16,2,1,2
168,9,25,16,2,2,1
168,10,26,16,3,2,1
169,1,17,15,0,0,2
169,2,18,15,0,1,1
169,3,19,15,1,1,0
169,4,20,16,1,1,2
169,5,21,16,1,2,2
169,6,22,16,1,3,2
169,7,23,16,1,4,0
169,8,24,17,1,4,2
169,9,25,17,1,5,1
169,10,26,17,2,5,3
170,1,17,11,0,0,0
170,2,18,12,0,0,1
170,3,19,12,1,0,0
170,4,20,13,1,0,0
170,5,21,14,1,0,0
170,6,22,15,1,0,0
170,7,23,16,1,0,1
170,8,24,16,2,0,3
170,9,25,16,2,0,2
170,10,26,16,2,1,1
171,1,17,13,0,0,2
171,2,18,13,0,1,0
171,3,19,14,0,1,3
171,4,20,14,0,1,0
171,5,21,15,0,1,2
171,6,22,15,0,2,1
171,7,23,15,1,2,2
171,8,24,15,1,3,2
171,9,25,15,1,4,1
171,10,26,15,2,4,0
172,1,17,12,0,0,0
172,2,18,13,0,0,2
172,3,19,13,0,1,0
172,4,20,14,0,1,0
172,5,21,15,0,1,1
172,6,22,15,1,1,0
172,7,23,16,1,1,1
172,8,24,16,2,1,1
172,9,25,16,3,1,2
172,10,26,16,3,2,2
173,1,17,11,0,0,3
173,2,18,11,0,0,0
173,3,19,12,0,0,0
173,4,20,13,0,0,0
173,5,21,14,0,0,0
173,6,22,15,0,0,2
173,7,23,15,0,1,0
173,8,24,16,0,1,3
173,9,25,16,0,1,0
173,10,26,17,0,1,1
174,1,17,11,0,0,1
174,2,18,11,1,0,2
174,3,19,11,1,1,1
174,4,20,11,2,1,2
174,5,21,11,2,2,2
174,6,22,11,2,3,0
174,7,23,12,2,3,3
174,8,24,12,2,3,3
174,9,25,12,2,3,1
174,10,26,12,3,3,1
175,1,17,10,0,0,2
175,2,18,10,0,1,0
175,3,19,11,0,1,0
175,4,20,12,0,1,0
175,5,21,13,0,1,1
175,6,22,13,1,1,1
175,7,23,13,2,1,1
175,8,24,13,3,1,0
175,9,25,14,3,1,0
175,10,26,15,3,1,1
176,1,17,15,0,0,2
176,2,18,15,0,1,1
176,3,19,15,1,1,2
176,4,20,15,1,2,2
176,5,21,15,1,3,0
176,6,22,16,1,3,2
176,7,23,16,1,4,1
176,8,24,16,2,4,2
176,9,25,16,2,5,2
176,10,26,16,2,6,0
177,1,17,13,0,0,0
177,2,18,14,0,0,1
177,3,19,14,1,0,1
177,4,20,14,2,0,2
177,5,21,14,2,1,0
177,6,22,15,2,1,0
177,7,23,16,2,1,3
177,8,24,16,2,1,1
177,9,25,16,3,1,1
177,10,26,16,4,1,1
178,1,17,16,0,0,2
178,2,18,16,0,1,2
178,3,19,16,0,2,2
178,4,20,16,0,3,2
178,5,21,16,0,4,3
178,6,22,16,0,4,1
178,7,23,16,1,4,2
178,8,24,16,1,5,2
178,9,25,16,1,6,2
178,10,26,16,1,7,1
179,1,17,14,0,0,0
179,2,18,15,0,0,1
179,3,19,15,1,0,2
179,4,20,15,1,1,1
179,5,21,15,2,1,2
179,6,22,15,2,2,0
179,7,23,16,2,2,0
179,8,24,17,2,2,2
179,9,25,17,2,3,2
179,10,26,17,2,4,2
180,1,17,15,0,0,1
180,2,18,15,1,0,0
180,3,19,16,1,0,3
180,4,20,16,1,0,1
180,5,21,16,2,0,1
180,6,22,16,3,0,2
180,7,23,16,3,1,2
180,8,24,16,3,2,2
180,9,25,16,3,3,2
180,10,26,16,3,4,2
181,1,17,16,0,0,2
181,2,18,16,0,1,3
181,3,19,16,0,1,0
181,4,20,17,0,1,0
181,5,21,18,0,1,2
181,6,22,18,0,2,1
181,7,23,18,1,2,2
181,8,24,18,1,3,1
181,9,25,18,2,3,3
181,10,26,18,2,3,1
182,1,17,11,0,0,2
182,2,18,11,0,1,0
182,3,19,12,0,1,1
182,4,20,12,1,1,2
182,5,21,12,1,2,0
182,6,22,13,1,2,2
182,7,23,13,1,3,1
182,8,24,13,2,3,2
182,9,25,13,2,4,0
182,10,26,14,2,4,2
183,1,17,14,0,0,2
183,2,18,14,0,1,0
183,3,19,15,0,1,1
183,4,20,15,1,1,0
183,5,21,16,1,1,1
183,6,22,16,2,1,2
183,7,23,16,2,2,1
183,8,24,16,3,2,0
183,9,25,17,3,2,1
183,10,26,17,4,2,2
184,1,17,13,0,0,3
184,2,18,13,0,0,1
184,3,19,13,1,0,2
184,4,20,13,1,1,0
184,5,21,14,1,1,2
184,6,22,14,1,2,0
184,7,23,15,1,2,1
184,8,24,15,2,2,1
184,9,25,15,3,2,0
184,10,26,16,3,2,1
185,1,17,13,0,0,2
185,2,18,13,0,1,1
185,3,19,13,1,1,2
185,4,20,13,1,2,3
185,5,21,13,1,2,2
185,6,22,13,1,3,1
185,7,23,13,2,3,2
185,8,24,13,2,4,2
185,9,25,13,2,5,3
185,10,26,13,2,5,3
186,1,17,14,0,0,2
186,2,18,14,0,1,2
186,3,19,14,0,2,2
186,4,20,14,0,3,3
186,5,21,14,0,3,2
186,6,22,14,0,4,0
186,7,23,15,0,4,2
186,8,24,15,0,5,1
186,9,25,15,1,5,1
186,10,26,15,2,5,2
187,1,17,11,0,0,0
187,2,18,12,0,0,1
187,3,19,12,1,0,2
187,4,20,12,1,1,1
187,5,21,12,2,1,0
187,6,22,13,2,1,0
187,7,23,14,2,1,1
187,8,24,14,3,1,1
187,9,25,14,4,1,1
187,10,26,14,5,1,1
188,1,17,16,0,0,0
188,2,18,17,0,0,0
188,3,19,18,0,0,2
188,4,20,18,0,1,2
188,5,21,18,0,2,0
188,6,22,19,0,2,3
188,7,23,19,0,2,1
188,8,24,19,1,2,1
188,9,25,19,2,2,1
188,10,26,19,3,2,2
189,1,17,11,0,0,0
189,2,18,12,0,0,2
189,3,19,12,0,1,0
189,4,20,13,0,1,0
189,5,21,14,0,1,0
189,6,22,15,0,1,0
189,7,23,16,0,1,3
189,8,24,16,0,1,1
189,9,25,16,1,1,2
189,10,26,16,1,2,2
190,1,17,10,0,0,0
190,2,18,11,0,0,0
190,3,19,12,0,0,0
190,4,20,13,0,0,1
190,5,21,13,1,0,0
190,6,22,14,1,0,0
190,7,23,15,1,0,0
190,8,24,16,1,0,3
190,9,25,16,1,0,1
190,10,26,16,2,0,1
191,1,17,11,0,0,0
191,2,18,12,0,0,1
191,3,19,12,1,0,0
191,4,20,13,1,0,1
191,5,21,13,2,0,2
191,6,22,13,2,1,3
191,7,23,13,2,1,0
191,8,24,14,2,1,1
191,9,25,14,3,1,1
191,10,26,14,4,1,1
192,1,17,15,0,0,1
192,2,18,15,1,0,0
192,3,19,16,1,0,3
192,4,20,16,1,0,2
192,5,21,16,1,1,1
192,6,22,16,2,1,1
192,7,23,16,3,1,2
192,8,24,16,3,2,0
192,9,25,17,3,2,3
192,10,26,17,3,2,3
193,1,17,11,0,0,0
193,2,18,12,0,0,1
193,3,19,12,1,0,1
193,4,20,12,2,0,2
193,5,21,12,2,1,0
193,6,22,13,2,1,0
193,7,23,14,2,1,1
193,8,24,14,3,1,1
193,9,25,14,4,1,1
193,10,26,14,5,1,0
194,1,17,16,0,0,0
194,2,18,17,0,0,2
194,3,19,17,0,1,1
194,4,20,17,1,1,0
194,5,21,18,1,1,1
194,6,22,18,2,1,0
194,7,23,19,2,1,2
194,8,24,19,2,2,3
194,9,25,19,2,2,2
194,10,26,19,2,3,1
195,1,17,13,0,0,1
195,2,18,13,1,0,1
195,3,19,13,2,0,2
195,4,20,13,2,1,1
195,5,21,13,3,1,0
195,6,22,14,3,1,2
195,7,23,14,3,2,2
195,8,24,14,3,3,2
195,9,25,14,3,4,2
195,10,26,14,3,5,2
196,1,17,13,0,0,0
196,2,18,14,0,0,0
196,3,19,15,0,0,0
196,4,20,16,0,0,2
196,5,21,16,0,1,2
196,6,22,16,0,2,2
196,7,23,16,0,3,1
196,8,24,16,1,3,3
196,9,25,16,1,3,2
196,10,26,16,1,4,0
197,1,17,10,0,0,2
197,2,18,10,0,1,0
197,3,19,11,0,1,2
197,4,20,11,0,2,0
197,5,21,12,0,2,0
197,6,22,13,0,2,0
197,7,23,14,0,2,0
197,8,24,15,0,2,2
197,9,25,15,0,3,3
197,10,26,15,0,3,0
198,1,17,11,0,0,0
198,2,18,12,0,0,0
198,3,19,13,0,0,3
198,4,20,13,0,0,3
198,5,21,13,0,0,0
198,6,22,14,0,0,0
198,7,23,15,0,0,1
198,8,24,15,1,0,2
198,9,25,15,1,1,0
198,10,26,16,1,1,3
199,1,17,12,0,0,0
199,2,18,13,0,0,0
199,3,19,14,0,0,3
199,4,20,14,0,0,1
199,5,21,14,1,0,1
199,6,22,14,2,0,2
199,7,23,14,2,1,0
199,8,24,15,2,1,0
199,9,25,16,2,1,2
199,10,26,16,2,2,3
200,1,17,10,0,0,2
200,2,18,10,0,1,0
200,3,19,11,0,1,1
200,4,20,11,1,1,0
200,5,21,12,1,1,3
200,6,22,12,1,1,0
200,7,23,13,1,1,2
200,8,24,13,1,2,1
200,9,25,13,2,2,2
200,10,26,13,2,3,2
201,1,17,10,0,0,0
201,2,18,11,0,0,0
201,3,19,12,0,0,0
201,4,20,13,0,0,0
201,5,21,14,0,0,0
201,6,22,15,0,0,1
201,7,23,15,1,0,1
201,8,24,15,2,0,2
201,9,25,15,2,1,1
201,10,26,15,3,1,2
202,1,17,14,0,0,0
202,2,18,15,0,0,0
202,3,19,16,0,0,0
202,4,20,17,0,0,0
202,5,21,18,0,0,1
202,6,22,18,1,0,0
202,7,23,19,1,0,1
202,8,24,19,2,0,1
202,9,25,19,3,0,1
202,10,26,19,4,0,0
203,1,17,13,0,0,0
203,2,18,14,0,0,0
203,3,19,15,0,0,0
203,4,20,16,0,0,3
203,5,21,16,0,0,0
203,6,22,17,0,0,0
203,7,23,18,0,0,2
203,8,24,18,0,1,1
203,9,25,18,1,1,0
203,10,26,19,1,1,1
204,1,17,12,0,0,0
204,2,18,13,0,0,0
204,3,19,14,0,0,2
204,4,20,14,0,1,1
204,5,21,14,1,1,1
204,6,22,14,2,1,2
204,7,23,14,2,2,1
204,8,24,14,3,2,1
204,9,25,14,4,2,1
204,10,26,14,5,2,2
205,1,17,15,0,0,2
205,2,18,15,0,1,2
205,3,19,15,0,2,1
205,4,20,15,1,2,0
205,5,21,16,1,2,3
205,6,22,16,1,2,3
205,7,23,16,1,2,1
205,8,24,16,2,2,0
205,9,25,17,2,2,1
205,10,26,17,3,2,3
206,1,17,13,0,0,0
206,2,18,14,0,0,2
206,3,19,14,0,1,3
206,4,20,14,0,1,0
206,5,21,15,0,1,1
206,6,22,15,1,1,2
206,7,23,15,1,2,1
206,8,24,15,2,2,2
206,9,25,15,2,3,2
206,10,26,15,2,4,3
207,1,17,16,0,0,2
207,2,18,16,0,1,0
207,3,19,17,0,1,2
207,4,20,17,0,2,3
207,5,21,17,0,2,2
207,6,22,17,0,3,3
207,7,23,17,0,3,1
207,8,24,17,1,3,2
207,9,25,17,1,4,2
207,10,26,17,1,5,1
208,1,17,11,0,0,0
208,2,18,12,0,0,0
208,3,19,13,0,0,0
208,4,20,14,0,0,3
208,5,21,14,0,0,0
208,6,22,15,0,0,1
208,7,23,15,1,0,1
208,8,24,15,2,0,2
208,9,25,15,2,1,1
208,10,26,15,3,1,2
209,1,17,15,0,0,2
209,2,18,15,0,1,0
209,3,19,16,0,1,3
209,4,20,16,0,1,3
209,5,21,16,0,1,1
209,6,22,16,1,1,1
209,7,23,16,2,1,0
209,8,24,17,2,1,2
209,9,25,17,2,2,0
209,10,26,18,2,2,1
210,1,17,12,0,0,2
210,2,18,12,0,1,0
210,3,19,13,0,1,0
210,4,20,14,0,1,2
210,5,21,14,0,2,3
210,6,22,14,0,2,2
210,7,23,14,0,3,2
210,8,24,14,0,4,1
210,9,25,14,1,4,0
210,10,26,15,1,4,0
211,1,17,13,0,0,2
211,2,18,13,0,1,0
211,3,19,14,0,1,0
211,4,20,15,0,1,0
211,5,21,16,0,1,2
211,6,22,16,0,2,1
211,7,23,16,1,2,1
211,8,24,16,2,2,0
211,9,25,17,2,2,2
211,10,26,17,2,3,1
212,1,17,11,0,0,0
212,2,18,12,0,0,2
212,3,19,12,0,1,1
212,4,20,12,1,1,0
212,5,21,13,1,1,3
212,6,22,13,1,1,0
212,7,23,14,1,1,1
212,8,24,14,2,1,1
212,9,25,14,3,1,1
212,10,26,14,4,1,0
213,1,17,13,0,0,1
213,2,18,13,1,0,0
213,3,19,14,1,0,2
213,4,20,14,1,1,2
213,5,21,14,1,2,2
213,6,22,14,1,3,3
213,7,23,14,1,3,1
213,8,24,14,2,3,1
213,9,25,14,3,3,3
213,10,26,14,3,3,3
214,1,17,11,0,0,0
214,2,18,12,0,0,1
214,3,19,12,1,0,0
214,4,20,13,1,0,3
214,5,21,13,1,0,0
214,6,22,14,1,0,2
214,7,23,14,1,1,3
214,8,24,14,1,1,2
214,9,25,14,1,2,3
214,10,26,14,1,2,2
215,1,17,11,0,0,0
215,2,18,12,0,0,0
215,3,19,13,0,0,2
215,4,20,13,0,1,1
215,5,21,13,1,1,2
215,6,22,13,1,2,0
215,7,23,14,1,2,1
215,8,24,14,2,2,2
215,9,25,14,2,3,2
215,10,26,14,2,4,2
216,1,17,15,0,0,1
216,2,18,15,1,0,0
216,3,19,16,1,0,2
216,4,20,16,1,1,0
216,5,21,17,1,1,2
216,6,22,17,1,2,1
216,7,23,17,2,2,2
216,8,24,17,2,3,2
216,9,25,17,2,4,2
216,10,26,17,2,5,1
217,1,17,15,0,0,2
217,2,18,15,0,1,1
217,3,19,15,1,1,2
217,4,20,15,1,2,1
217,5,21,15,2,2,2
217,6,22,15,2,3,3
217,7,23,15,2,3,3
217,8,24,15,2,3,2
217,9,25,15,2,4,2
217,10,26,15,2,5,1
218,1,17,12,0,0,0
218,2,18,13,0,0,0
218,3,19,14,0,0,0
218,4,20,15,0,0,0
218,5,21,16,0,0,2
218,6,22,16,0,1,0
218,7,23,17,0,1,0
218,8,24,18,0,1,1
218,9,25,18,1,1,1
218,10,26,18,2,1,1
219,1,17,11,0,0,2
219,2,18,11,0,1,0
219,3,19,12,0,1,0
219,4,20,13,0,1,0
219,5,21,14,0,1,0
219,6,22,15,0,1,3
219,7,23,15,0,1,0
219,8,24,16,0,1,1
219,9,25,16,1,1,0
219,10,26,17,1,1,1
220,1,17,11,0,0,0
220,2,18,12,0,0,0
220,3,19,13,0,0,1
220,4,20,13,1,0,3
220,5,21,13,1,0,2
220,6,22,13,1,1,1
220,7,23,13,2,1,0
220,8,24,14,2,1,2
220,9,25,14,2,2,2
220,10,26,14,2,3,3
221,1,17,14,0,0,1
221,2,18,14,1,0,2
221,3,19,14,1,1,0
221,4,20,15,1,1,0
221,5,21,16,1,1,0
221,6,22,17,1,1,3
221,7,23,17,1,1,0
221,8,24,18,1,1,2
221,9,25,18,1,2,0
221,10,26,19,1,2,3
222,1,17,15,0,0,0
222,2,18,16,0,0,1
222,3,19,16,1,0,0
222,4,20,17,1,0,1
222,5,21,17,2,0,1
222,6,22,17,3,0,1
222,7,23,17,4,0,0
222,8,24,18,4,0,1
222,9,25,18,5,0,1
222,10,26,18,6,0,1
223,1,17,11,0,0,1
223,2,18,11,1,0,3
223,3,19,11,1,0,3
223,4,20,11,1,0,1
223,5,21,11,2,0,0
223,6,22,12,2,0,2
223,7,23,12,2,1,2
223,8,24,12,2,2,2
223,9,25,12,2,3,2
223,10,26,12,2,4,1
224,1,17,13,0,0,0
224,2,18,14,0,0,0
224,3,19,15,0,0,0
224,4,20,16,0,0,0
224,5,21,17,0,0,1
224,6,22,17,1,0,2
224,7,23,17,1,1,0
224,8,24,18,1,1,2
224,9,25,18,1,2,0
224,10,26,19,1,2,3
225,1,17,14,0,0,3
225,2,18,14,0,0,0
225,3,19,15,0,0,2
225,4,20,15,0,1,1
225,5,21,15,1,1,3
225,6,22,15,1,1,0
225,7,23,16,1,1,0
225,8,24,17,1,1,0
225,9,25,18,1,1,2
225,10,26,18,1,2,0
226,1,17,14,0,0,2
226,2,18,14,0,1,0
226,3,19,15,0,1,1
226,4,20,15,1,1,2
226,5,21,15,1,2,2
226,6,22,15,1,3,1
226,7,23,15,2,3,1
226,8,24,15,3,3,2
226,9,25,15,3,4,1
226,10,26,15,4,4,2
227,1,17,14,0,0,2
227,2,18,14,0,1,3
227,3,19,14,0,1,2
227,4,20,14,0,2,2
227,5,21,14,0,3,3
227,6,22,14,0,3,0
227,7,23,15,0,3,2
227,8,24,15,0,4,1
227,9,25,15,1,4,0
227,10,26,16,1,4,2
228,1,17,14,0,0,2
228,2,18,14,0,1,2
228,3,19,14,0,2,2
228,4,20,14,0,3,1
228,5,21,14,1,3,0
228,6,22,15,1,3,1
228,7,23,15,2,3,1
228,8,24,15,3,3,1
228,9,25,15,4,3,1
228,10,26,15,5,3,0
229,1,17,12,0,0,0
229,2,18,13,0,0,0
229,3,19,14,0,0,0
229,4,20,15,0,0,2
229,5,21,15,0,1,1
229,6,22,15,1,1,0
229,7,23,16,1,1,1
229,8,24,16,2,1,2
229,9,25,16,2,2,1
229,10,26,16,3,2,2
230,1,17,12,0,0,0
230,2,18,13,0,0,0
230,3,19,14,0,0,1
230,4,20,14,1,0,1
230,5,21,14,2,0,3
230,6,22,14,2,0,0
230,7,23,15,2,0,0
230,8,24,16,2,0,0
230,9,25,17,2,0,2
230,10,26,17,2,1,3
231,1,17,10,0,0,3
231,2,18,10,0,0,1
231,3,19,10,1,0,3
231,4,20,10,1,0,3
231,5,21,10,1,0,2
231,6,22,10,1,1,3
231,7,23,10,1,1,1
231,8,24,10,2,1,2
231,9,25,10,2,2,2
231,10,26,10,2,3,2
232,1,17,12,0,0,0
232,2,18,13,0,0,1
232,3,19,13,1,0,0
232,4,20,14,1,0,2
232,5,21,14,1,1,0
232,6,22,15,1,1,1
232,7,23,15,2,1,2
232,8,24,15,2,2,2
232,9,25,15,2,3,0
232,10,26,16,2,3,2
233,1,17,14,0,0,1
233,2,18,14,1,0,0
233,3,19,15,1,0,2
233,4,20,15,1,1,3
233,5,21,15,1,1,1
233,6,22,15,2,1,1
233,7,23,15,3,1,1
233,8,24,15,4,1,2
233,9,25,15,4,2,2
233,10,26,15,4,3,3
234,1,17,16,0,0,1
234,2,18,16,1,0,1
234,3,19,16,2,0,0
234,4,20,17,2,0,0
234,5,21,18,2,0,1
234,6,22,18,3,0,1
234,7,23,18,4,0,1
234,8,24,18,5,0,1
234,9,25,18,6,0,0
234,10,26,19,6,0,0
235,1,17,16,0,0,1
235,2,18,16,1,0,0
235,3,19,17,1,0,0
235,4,20,18,1,0,2
235,5,21,18,1,1,3
235,6,22,18,1,1,2
235,7,23,18,1,2,2
235,8,24,18,1,3,1
235,9,25,18,2,3,2
235,10,26,18,2,4,1
236,1,17,16,0,0,1
236,2,18,16,1,0,2
236,3,19,16,1,1,3
236,4,20,16,1,1,2
236,5,21,16,1,2,3
236,6,22,16,1,2,3
236,7,23,16,1,2,0
236,8,24,17,1,2,0
236,9,25,18,1,2,1
236,10,26,18,2,2,3
237,1,17,11,0,0,2
237,2,18,11,0,1,3
237,3,19,11,0,1,1
237,4,20,11,1,1,2
237,5,21,11,1,2,0
237,6,22,12,1,2,1
237,7,23,12,2,2,2
237,8,24,12,2,3,2
237,9,25,12,2,4,2
237,10,26,12,2,5,1
238,1,17,14,0,0,2
238,2,18,14,0,1,3
238,3,19,14,0,1,0
238,4,20,15,0,1,0
238,5,21,16,0,1,3
238,6,22,16,0,1,1
238,7,23,16,1,1,2
238,8,24,16,1,2,2
238,9,25,16,1,3,3
238,10,26,16,1,3,2
239,1,17,12,0,0,0
239,2,18,13,0,0,3
239,3,19,13,0,0,2
239,4,20,13,0,1,2
239,5,21,13,0,2,0
239,6,22,14,0,2,0
239,7,23,15,0,2,1
239,8,24,15,1,2,0
239,9,25,16,1,2,3
239,10,26,16,1,2,1
240,1,17,13,0,0,2
240,2,18,13,0,1,2
240,3,19,13,0,2,2
240,4,20,13,0,3,0
240,5,21,14,0,3,3
240,6,22,14,0,3,1
240,7,23,14,1,3,2
240,8,24,14,1,4,2
240,9,25,14,1,5,3
240,10,26,14,1,5,0
241,1,17,13,0,0,0
241,2,18,14,0,0,2
241,3,19,14,0,1,0
241,4,20,15,0,1,1
241,5,21,15,1,1,3
241,6,22,15,1,1,2
241,7,23,15,1,2,3
241,8,24,15,1,2,2
241,9,25,15,1,3,2
241,10,26,15,1,4,1
242,1,17,13,0,0,3
242,2,18,13,0,0,0
242,3,19,14,0,0,2
242,4,20,14,0,1,1
242,5,21,14,1,1,0
242,6,22,15,1,1,1
242,7,23,15,2,1,1
242,8,24,15,3,1,2
242,9,25,15,3,2,0
242,10,26,16,3,2,3
243,1,17,15,0,0,3
243,2,18,15,0,0,0
243,3,19,16,0,0,2
243,4,20,16,0,1,0
243,5,21,17,0,1,2
243,6,22,17,0,2,2
243,7,23,17,0,3,2
243,8,24,17,0,4,0
243,9,25,18,0,4,1
243,10,26,18,1,4,1
244,1,17,15,0,0,0
244,2,18,16,0,0,1
244,3,19,16,1,0,1
244,4,20,16,2,0,1
244,5,21,16,3,0,1
244,6,22,16,4,0,1
244,7,23,16,5,0,2
244,8,24,16,5,1,2
244,9,25,16,5,2,2
244,10,26,16,5,3,2
245,1,17,14,0,0,2
245,2,18,14,0,1,0
245,3,19,15,0,1,0
245,4,20,16,0,1,0
245,5,21,17,0,1,0
245,6,22,18,0,1,0
245,7,23,19,0,1,1
245,8,24,19,1,1,1
245,9,25,19,2,1,1
245,10,26,19,3,1,1
246,1,17,16,0,0,2
246,2,18,16,0,1,0
246,3,19,17,0,1,2
246,4,20,17,0,2,2
246,5,21,17,0,3,0
246,6,22,18,0,3,0
246,7,23,19,0,3,1
246,8,24,19,1,3,1
246,9,25,19,2,3,1
246,10,26,19,3,3,2
247,1,17,15,0,0,2
247,2,18,15,0,1,1
247,3,19,15,1,1,1
247,4,20,15,2,1,0
247,5,21,16,2,1,2
247,6,22,16,2,2,2
247,7,23,16,2,3,3
247,8,24,16,2,3,1
247,9,25,16,3,3,2
247,10,26,16,3,4,0
248,1,17,13,0,0,2
248,2,18,13,0,1,2
248,3,19,13,0,2,2
248,4,20,13,0,3,0
248,5,21,14,0,3,0
248,6,22,15,0,3,0
248,7,23,16,0,3,2
248,8,24,16,0,4,3
248,9,25,16,0,4,1
248,10,26,16,1,4,2
249,1,17,12,0,0,0
249,2,18,13,0,0,0
249,3,19,14,0,0,2
249,4,20,14,0,1,0
249,5,21,15,0,1,0
249,6,22,16,0,1,2
249,7,23,16,0,2,1
249,8,24,16,1,2,1
249,9,25,16,2,2,1
249,10,26,16,3,2,1
250,1,17,15,0,0,1
250,2,18,15,1,0,2
250,3,19,15,1,1,3
250,4,20,15,1,1,1
250,5,21,15,2,1,1
250,6,22,15,3,1,3
250,7,23,15,3,1,2
250,8,24,15,3,2,3
250,9,25,15,3,2,1
250,10,26,15,4,2,1
251,1,17,14,0,0,0
251,2,18,15,0,0,2
251,3,19,15,0,1,0
251,4,20,16,0,1,0
251,5,21,17,0,1,1
251,6,22,17,1,1,1
251,7,23,17,2,1,2
251,8,24,17,2,2,1
251,9,25,17,3,2,0
251,10,26,18,3,2,3
252,1,17,15,0,0,2
252,2,18,15,0,1,3
252,3,19,15,0,1,2
252,4,20,15,0,2,0
252,5,21,16,0,2,0
252,6,22,17,0,2,0
252,7,23,18,0,2,2
252,8,24,18,0,3,0
252,9,25,19,0,3,2
252,10,26,19,0,4,1
253,1,17,11,0,0,2
253,2,18,11,0,1,0
253,3,19,12,0,1,0
253,4,20,13,0,1,0
253,5,21,14,0,1,2
253,6,22,14,0,2,1
253,7,23,14,1,2,0
253,8,24,15,1,2,2
253,9,25,15,1,3,1
253,10,26,15,2,3,2
254,1,17,10,0,0,2
254,2,18,10,0,1,0
254,3,19,11,0,1,2
254,4,20,11,0,2,0
254,5,21,12,0,2,0
254,6,22,13,0,2,0
254,7,23,14,0,2,2
254,8,24,14,0,3,1
254,9,25,14,1,3,2
254,10,26,14,1,4,0
255,1,17,10,0,0,1
255,2,18,10,1,0,2
255,3,19,10,1,1,0
255,4,20,11,1,1,0
255,5,21,12,1,1,0
255,6,22,13,1,1,1
255,7,23,13,2,1,2
255,8,24,13,2,2,2
255,9,25,13,2,3,1
255,10,26,13,3,3,2
256,1,17,13,0,0,1
256,2,18,13,1,0,0
256,3,19,14,1,0,2
256,4,20,14,1,1,0
256,5,21,15,1,1,2
256,6,22,15,1,2,2
256,7,23,15,1,3,0
256,8,24,16,1,3,1
256,9,25,16,2,3,2
256,10,26,16,2,4,3
257,1,17,11,0,0,0
257,2,18,12,0,0,1
257,3,19,12,1,0,0
257,4,20,13,1,0,3
257,5,21,13,1,0,1
257,6,22,13,2,0,0
257,7,23,14,2,0,2
257,8,24,14,2,1,1
257,9,25,14,3,1,2
257,10,26,14,3,2,3
258,1,17,16,0,0,1
258,2,18,16,1,0,0
258,3,19,17,1,0,1
258,4,20,17,2,0,1
258,5,21,17,3,0,2
258,6,22,17,3,1,1
258,7,23,17,4,1,1
258,8,24,17,5,1,2
258,9,25,17,5,2,2
258,10,26,17,5,3,1
259,1,17,10,0,0,0
259,2,18,11,0,0,0
259,3,19,12,0,0,2
259,4,20,12,0,1,1
259,5,21,12,1,1,2
259,6,22,12,1,2,0
259,7,23,13,1,2,1
259,8,24,13,2,2,1
259,9,25,13,3,2,2
259,10,26,13,3,3,1
260,1,17,11,0,0,1
260,2,18,11,1,0,0
260,3,19,12,1,0,3
260,4,20,12,1,0,0
260,5,21,13,1,0,1
260,6,22,13,2,0,0
260,7,23,14,2,0,2
260,8,24,14,2,1,3
260,9,25,14,2,1,1
260,10,26,14,3,1,2
261,1,17,13,0,0,0
261,2,18,14,0,0,1
261,3,19,14,1,0,0
261,4,20,15,1,0,0
261,5,21,16,1,0,2
261,6,22,16,1,1,2
261,7,23,16,1,2,2
261,8,24,16,1,3,2
261,9,25,16,1,4,1
261,10,26,16,2,4,1
262,1,17,15,0,0,1
262,2,18,15,1,0,1
262,3,19,15,2,0,0
262,4,20,16,2,0,0
262,5,21,17,2,0,2
262,6,22,17,2,1,2
262,7,23,17,2,2,1
262,8,24,17,3,2,1
262,9,25,17,4,2,3
262,10,26,17,4,2,2
263,1,17,16,0,0,0
263,2,18,17,0,0,0
263,3,19,18,0,0,1
263,4,20,18,1,0,2
263,5,21,18,1,1,0
263,6,22,19,1,1,0
263,7,23,20,1,1,1
263,8,24,20,2,1,2
263,9,25,20,2,2,1
263,10,26,20,3,2,1
264,1,17,11,0,0,1
264,2,18,11,1,0,0
264,3,19,12,1,0,2
264,4,20,12,1,1,1
264,5,21,12,2,1,0
264,6,22,13,2,1,1
264,7,23,13,3,1,3
264,8,24,13,3,1,1
264,9,25,13,4,1,2
264,10,26,13,4,2,3
265,1,17,16,0,0,2
265,2,18,16,0,1,2
265,3,19,16,0,2,1
265,4,20,16,1,2,1
265,5,21,16,2,2,1
265,6,22,16,3,2,0
265,7,23,17,3,2,2
265,8,24,17,3,3,1
265,9,25,17,4,3,1
265,10,26,17,5,3,1
266,1,17,13,0,0,3
266,2,18,13,0,0,1
266,3,19,13,1,0,0
266,4,20,14,1,0,0
266,5,21,15,1,0,1
266,6,22,15,2,0,2
266,7,23,15,2,1,2
266,8,24,15,2,2,1
266,9,25,15,3,2,2
266,10,26,15,3,3,2
267,1,17,16,0,0,1
267,2,18,16,1,0,2
267,3,19,16,1,1,1
267,4,20,16,2,1,1
267,5,21,16,3,1,2
267,6,22,16,3,2,2
267,7,23,16,3,3,1
267,8,24,16,4,3,0
267,9,25,17,4,3,3
267,10,26,17,4,3,2
268,1,17,12,0,0,0
268,2,18,13,0,0,1
268,3,19,13,1,0,2
268,4,20,13,1,1,0
268,5,21,14,1,1,1
268,6,22,14,2,1,0
268,7,23,15,2,1,1
268,8,24,15,3,1,3
268,9,25,15,3,1,3
268,10,26,15,3,1,2
269,1,17,13,0,0,0
269,2,18,14,0,0,0
269,3,19,15,0,0,1
269,4,20,15,1,0,0
269,5,21,16,1,0,0
269,6,22,17,1,0,3
269,7,23,17,1,0,3
269,8,24,17,1,0,0
269,9,25,18,1,0,2
269,10,26,18,1,1,0
270,1,17,15,0,0,2
270,2,18,15,0,1,0
270,3,19,16,0,1,1
270,4,20,16,1,1,0
270,5,21,17,1,1,1
270,6,22,17,2,1,0
270,7,23,18,2,1,0
270,8,24,19,2,1,1
270,9,25,19,3,1,2
270,10,26,19,3,2,1
271,1,17,12,0,0,1
271,2,18,12,1,0,0
271,3,19,13,1,0,1
271,4,20,13,2,0,1
271,5,21,13,3,0,1
271,6,22,13,4,0,2
271,7,23,13,4,1,1
271,8,24,13,5,1,1
271,9,25,13,6,1,1
271,10,26,13,7,1,1
272,1,17,12,0,0,0
272,2,18,13,0,0,0
272,3,19,14,0,0,2
272,4,20,14,0,1,0
272,5,21,15,0,1,2
272,6,22,15,0,2,0
272,7,23,16,0,2,2
272,8,24,16,0,3,2
272,9,25,16,0,4,2
272,10,26,16,0,5,3
273,1,17,14,0,0,0
273,2,18,15,0,0,0
273,3,19,16,0,0,3
273,4,20,16,0,0,3
273,5,21,16,0,0,2
273,6,22,16,0,1,0
273,7,23,17,0,1,2
273,8,24,17,0,2,2
273,9,25,17,0,3,2
273,10,26,17,0,4,0
274,1,17,10,0,0,3
274,2,18,10,0,0,0
274,3,19,11,0,0,0
274,4,20,12,0,0,1
274,5,21,12,1,0,1
274,6,22,12,2,0,0
274,7,23,13,2,0,3
274,8,24,13,2,0,2
274,9,25,13,2,1,2
274,10,26,13,2,2,2
275,1,17,10,0,0,0
275,2,18,11,0,0,0
275,3,19,12,0,0,0
275,4,20,13,0,0,3
275,5,21,13,0,0,0
275,6,22,14,0,0,3
275,7,23,14,0,0,0
275,8,24,15,0,0,2
275,9,25,15,0,1,3
275,10,26,15,0,1,2
276,1,17,12,0,0,0
276,2,18,13,0,0,2
276,3,19,13,0,1,1
276,4,20,13,1,1,1
276,5,21,13,2,1,1
276,6,22,13,3,1,3
276,7,23,13,3,1,2
276,8,24,13,3,2,0
276,9,25,14,3,2,2
276,10,26,14,3,3,2
277,1,17,13,0,0,2
277,2,18,13,0,1,1
277,3,19,13,1,1,1
277,4,20,13,2,1,2
277,5,21,13,2,2,3
277,6,22,13,2,2,1
277,7,23,13,3,2,0
277,8,24,14,3,2,2
277,9,25,14,3,3,2
277,10,26,14,3,4,1
278,1,17,14,0,0,0
278,2,18,15,0,0,0
278,3,19,16,0,0,1
278,4,20,16,1,0,1
278,5,21,16,2,0,3
278,6,22,16,2,0,1
278,7,23,16,3,0,2
278,8,24,16,3,1,0
278,9,25,17,3,1,2
278,10,26,17,3,2,1
279,1,17,10,0,0,0
279,2,18,11,0,0,0
279,3,19,12,0,0,0
279,4,20,13,0,0,0
279,5,21,14,0,0,0
279,6,22,15,0,0,2
279,7,23,15,0,1,2
279,8,24,15,0,2,3
279,9,25,15,0,2,1
279,10,26,15,1,2,1
280,1,17,13,0,0,0
280,2,18,14,0,0,0
280,3,19,15,0,0,2
280,4,20,15,0,1,0
280,5,21,16,0,1,1
280,6,22,16,1,1,1
280,7,23,16,2,1,1
280,8,24,16,3,1,2
280,9,25,16,3,2,2
280,10,26,16,3,3,3
281,1,17,15,0,0,0
281,2,18,16,0,0,2
281,3,19,16,0,1,0
281,4,20,17,0,1,2
281,5,21,17,0,2,1
281,6,22,17,1,2,1
281,7,23,17,2,2,1
281,8,24,17,3,2,0
281,9,25,18,3,2,3
281,10,26,18,3,2,1
282,1,17,12,0,0,1
282,2,18,12,1,0,0
282,3,19,13,1,0,0
282,4,20,14,1,0,2
282,5,21,14,1,1,2
282,6,22,14,1,2,1
282,7,23,14,2,2,2
282,8,24,14,2,3,1
282,9,25,14,3,3,3
282,10,26,14,3,3,1
283,1,17,11,0,0,3
283,2,18,11,0,0,0
283,3,19,12,0,0,0
283,4,20,13,0,0,2
283,5,21,13,0,1,0
283,6,22,14,0,1,1
283,7,23,14,1,1,0
283,8,24,15,1,1,2
283,9,25,15,1,2,2
283,10,26,15,1,3,3
284,1,17,15,0,0,1
284,2,18,15,1,0,1
284,3,19,15,2,0,3
284,4,20,15,2,0,0
284,5,21,16,2,0,1
284,6,22,16,3,0,2
284,7,23,16,3,1,3
284,8,24,16,3,1,1
284,9,25,16,4,1,1
284,10,26,16,5,1,1
285,1,17,16,0,0,0
285,2,18,17,0,0,1
285,3,19,17,1,0,1
285,4,20,17,2,0,3
285,5,21,17,2,0,2
285,6,22,17,2,1,1
285,7,23,17,3,1,2
285,8,24,17,3,2,2
285,9,25,17,3,3,2
285,10,26,17,3,4,1
286,1,17,10,0,0,0
286,2,18,11,0,0,2
286,3,19,11,0,1,1
286,4,20,11,1,1,3
286,5,21,11,1,1,0
286,6,22,12,1,1,0
286,7,23,13,1,1,1
286,8,24,13,2,1,1
286,9,25,13,3,1,3
286,10,26,13,3,1,0
287,1,17,10,0,0,0
287,2,18,11,0,0,0
287,3,19,12,0,0,0
287,4,20,13,0,0,0
287,5,21,14,0,0,2
287,6,22,14,0,1,0
287,7,23,15,0,1,1
287,8,24,15,1,1,3
287,9,25,15,1,1,2
287,10,26,15,1,2,1
288,1,17,12,0,0,0
288,2,18,13,0,0,3
288,3,19,13,0,0,2
288,4,20,13,0,1,0
288,5,21,14,0,1,2
288,6,22,14,0,2,0
288,7,23,15,0,2,2
288,8,24,15,0,3,0
288,9,25,16,0,3,1
288,10,26,16,1,3,3
289,1,17,13,0,0,2
289,2,18,13,0,1,0
289,3,19,14,0,1,2
289,4,20,14,0,2,1
289,5,21,14,1,2,0
289,6,22,15,1,2,2
289,7,23,15,1,3,2
289,8,24,15,1,4,2
289,9,25,15,1,5,3
289,10,26,15,1,5,3
290,1,17,10,0,0,0
290,2,18,11,0,0,0
290,3,19,12,0,0,0
290,4,20,13,0,0,2
290,5,21,13,0,1,1
290,6,22,13,1,1,2
290,7,23,13,1,2,3
290,8,24,13,1,2,2
290,9,25,13,1,3,1
290,10,26,13,2,3,1
291,1,17,15,0,0,0
291,2,18,16,0,0,1
291,3,19,16,1,0,1
291,4,20,16,2,0,2
291,5,21,16,2,1,1
291,6,22,16,3,1,3
291,7,23,16,3,1,1
291,8,24,16,4,1,1
291,9,25,16,5,1,3
291,10,26,16,5,1,1
292,1,17,10,0,0,0
292,2,18,11,0,0,1
292,3,19,11,1,0,3
292,4,20,11,1,0,0
292,5,21,12,1,0,0
292,6,22,13,1,0,3
292,7,23,13,1,0,3
292,8,24,13,1,0,2
292,9,25,13,1,1,0
292,10,26,14,1,1,2
293,1,17,14,0,0,1
293,2,18,14,1,0,0
293,3,19,15,1,0,0
293,4,20,16,1,0,1
293,5,21,16,2,0,2
293,6,22,16,2,1,1
293,7,23,16,3,1,2
293,8,24,16,3,2,2
293,9,25,16,3,3,2
293,10,26,16,3,4,1
294,1,17,11,0,0,0
294,2,18,12,0,0,1
294,3,19,12,1,0,0
294,4,20,13,1,0,3
294,5,21,13,1,0,2
294,6,22,13,1,1,1
294,7,23,13,2,1,3
294,8,24,13,2,1,1
294,9,25,13,3,1,1
294,10,26,13,4,1,2
295,1,17,12,0,0,0
295,2,18,13,0,0,1
295,3,19,13,1,0,2
295,4,20,13,1,1,0
295,5,21,14,1,1,3
295,6,22,14,1,1,2
295,7,23,14,1,2,1
295,8,24,14,2,2,3
295,9,25,14,2,2,2
295,10,26,14,2,3,1
296,1,17,16,0,0,3
296,2,18,16,0,0,1
296,3,19,16,1,0,2
296,4,20,16,1,1,1
296,5,21,16,2,1,2
296,6,22,16,2,2,2
296,7,23,16,2,3,3
296,8,24,16,2,3,1
296,9,25,16,3,3,2
296,10,26,16,3,4,3
297,1,17,14,0,0,2
297,2,18,14,0,1,0
297,3,19,15,0,1,1
297,4,20,15,1,1,1
297,5,21,15,2,1,2
297,6,22,15,2,2,0
297,7,23,16,2,2,1
297,8,24,16,3,2,0
297,9,25,17,3,2,0
297,10,26,18,3,2,2
298,1,17,15,0,0,3
298,2,18,15,0,0,0
298,3,19,16,0,0,0
298,4,20,17,0,0,3
298,5,21,17,0,0,0
298,6,22,18,0,0,1
298,7,23,18,1,0,0
298,8,24,19,1,0,2
298,9,25,19,1,1,2
298,10,26,19,1,2,2
299,1,17,14,0,0,1
299,2,18,14,1,0,3
299,3,19,14,1,0,2
299,4,20,14,1,1,1
299,5,21,14,2,1,1
299,6,22,14,3,1,0
299,7,23,15,3,1,0
299,8,24,16,3,1,2
299,9,25,16,3,2,3
299,10,26,16,3,2,2
300,1,17,13,0,0,3
300,2,18,13,0,0,3
300,3,19,13,0,0,2
300,4,20,13,0,1,1
300,5,21,13,1,1,0
300,6,22,14,1,1,1
300,7,23,14,2,1,2
300,8,24,14,2,2,3
300,9,25,14,2,2,2
300,10,26,14,2,3,1
301,1,17,11,0,0,0
301,2,18,12,0,0,2
301,3,19,12,0,1,0
301,4,20,13,0,1,1
301,5,21,13,1,1,0
301,6,22,14,1,1,0
301,7,23,15,1,1,2
301,8,24,15,1,2,2
301,9,25,15,1,3,1
301,10,26,15,2,3,2
302,1,17,14,0,0,2
302,2,18,14,0,1,2
302,3,19,14,0,2,1
302,4,20,14,1,2,3
302,5,21,14,1,2,1
302,6,22,14,2,2,2
302,7,23,14,2,3,3
302,8,24,14,2,3,0
302,9,25,15,2,3,3
302,10,26,15,2,3,1
303,1,17,13,0,0,1
303,2,18,13,1,0,1
303,3,19,13,2,0,3
303,4,20,13,2,0,1
303,5,21,13,3,0,1
303,6,22,13,4,0,0
303,7,23,14,4,0,0
303,8,24,15,4,0,0
303,9,25,16,4,0,2
303,10,26,16,4,1,2
304,1,17,12,0,0,0
304,2,18,13,0,0,1
304,3,19,13,1,0,0
304,4,20,14,1,0,3
304,5,21,14,1,0,1
304,6,22,14,2,0,0
304,7,23,15,2,0,1
304,8,24,15,3,0,1
304,9,25,15,4,0,1
304,10,26,15,5,0,0
305,1,17,10,0,0,0
305,2,18,11,0,0,0
305,3,19,12,0,0,2
305,4,20,12,0,1,3
305,5,21,12,0,1,0
305,6,22,13,0,1,2
305,7,23,13,0,2,1
305,8,24,13,1,2,1
305,9,25,13,2,2,2
305,10,26,13,2,3,2
306,1,17,14,0,0,0
306,2,18,15,0,0,2
306,3,19,15,0,1,0
306,4,20,16,0,1,0
306,5,21,17,0,1,2
306,6,22,17,0,2,1
306,7,23,17,1,2,2
306,8,24,17,1,3,3
306,9,25,17,1,3,2
306,10,26,17,1,4,2
307,1,17,10,0,0,0
307,2,18,11,0,0,0
307,3,19,12,0,0,0
307,4,20,13,0,0,0
307,5,21,14,0,0,3
307,6,22,14,0,0,2
307,7,23,14,0,1,1
307,8,24,14,1,1,0
307,9,25,15,1,1,0
307,10,26,16,1,1,2
308,1,17,12,0,0,1
308,2,18,12,1,0,2
308,3,19,12,1,1,0
308,4,20,13,1,1,0
308,5,21,14,1,1,2
308,6,22,14,1,2,2
308,7,23,14,1,3,1
308,8,24,14,2,3,3
308,9,25,14,2,3,2
308,10,26,14,2,4,2
309,1,17,10,0,0,0
309,2,18,11,0,0,0
309,3,19,12,0,0,0
309,4,20,13,0,0,0
309,5,21,14,0,0,2
309,6,22,14,0,1,0
309,7,23,15,0,1,0
309,8,24,16,0,1,0
309,9,25,17,0,1,1
309,10,26,17,1,1,3
310,1,17,14,0,0,1
310,2,18,14,1,0,0
310,3,19,15,1,0,2
310,4,20,15,1,1,1
310,5,21,15,2,1,0
310,6,22,16,2,1,3
310,7,23,16,2,1,1
310,8,24,16,3,1,2
310,9,25,16,3,2,0
310,10,26,17,3,2,2
311,1,17,12,0,0,1
311,2,18,12,1,0,1
311,3,19,12,2,0,2
311,4,20,12,2,1,0
311,5,21,13,2,1,3
311,6,22,13,2,1,0
311,7,23,14,2,1,2
311,8,24,14,2,2,1
311,9,25,14,3,2,2
311,10,26,14,3,3,1
312,1,17,13,0,0,2
312,2,18,13,0,1,0
312,3,19,14,0,1,2
312,4,20,14,0,2,2
312,5,21,14,0,3,0
312,6,22,15,0,3,0
312,7,23,16,0,3,3
312,8,24,16,0,3,2
312,9,25,16,0,4,0
312,10,26,17,0,4,0
313,1,17,16,0,0,0
313,2,18,17,0,0,0
313,3,19,18,0,0,3
313,4,20,18,0,0,1
313,5,21,18,1,0,1
313,6,22,18,2,0,0
313,7,23,19,2,0,1
313,8,24,19,3,0,0
313,9,25,20,3,0,3
313,10,26,20,3,0,1
314,1,17,14,0,0,0
314,2,18,15,0,0,0
314,3,19,16,0,0,3
314,4,20,16,0,0,0
314,5,21,17,0,0,0
314,6,22,18,0,0,1
314,7,23,18,1,0,3
314,8,24,18,1,0,1
314,9,25,18,2,0,0
314,10,26,19,2,0,3
315,1,17,12,0,0,0
315,2,18,13,0,0,0
315,3,19,14,0,0,3
315,4,20,14,0,0,0
315,5,21,15,0,0,0
315,6,22,16,0,0,1
315,7,23,16,1,0,1
315,8,24,16,2,0,1
315,9,25,16,3,0,3
315,10,26,16,3,0,2
316,1,17,15,0,0,0
316,2,18,16,0,0,2
316,3,19,16,0,1,2
316,4,20,16,0,2,2
316,5,21,16,0,3,1
316,6,22,16,1,3,3
316,7,23,16,1,3,2
316,8,24,16,1,4,1
316,9,25,16,2,4,0
316,10,26,17,2,4,3
317,1,17,15,0,0,1
317,2,18,15,1,0,1
317,3,19,15,2,0,2
317,4,20,15,2,1,3
317,5,21,15,2,1,3
317,6,22,15,2,1,1
317,7,23,15,3,1,1
317,8,24,15,4,1,1
317,9,25,15,5,1,0
317,10,26,16,5,1,0
318,1,17,12,0,0,0
318,2,18,13,0,0,0
318,3,19,14,0,0,2
318,4,20,14,0,1,2
318,5,21,14,0,2,0
318,6,22,15,0,2,2
318,7,23,15,0,3,1
318,8,24,15,1,3,3
318,9,25,15,1,3,1
318,10,26,15,2,3,1
319,1,17,13,0,0,1
319,2,18,13,1,0,0
319,3,19,14,1,0,2
319,4,20,14,1,1,2
319,5,21,14,1,2,0
319,6,22,15,1,2,0
319,7,23,16,1,2,1
319,8,24,16,2,2,3
319,9,25,16,2,2,0
319,10,26,17,2,2,2
320,1,17,11,0,0,0
320,2,18,12,0,0,0
320,3,19,13,0,0,0
320,4,20,14,0,0,2
320,5,21,14,0,1,1
320,6,22,14,1,1,3
320,7,23,14,1,1,2
320,8,24,14,1,2,0
320,9,25,15,1,2,1
320,10,26,15,2,2,0
321,1,17,10,0,0,0
321,2,18,11,0,0,1
321,3,19,11,1,0,0
321,4,20,12,1,0,2
321,5,21,12,1,1,1
321,6,22,12,2,1,0
321,7,23,13,2,1,1
321,8,24,13,3,1,1
321,9,25,13,4,1,3
321,10,26,13,4,1,2
322,1,17,16,0,0,2
322,2,18,16,0,1,1
322,3,19,16,1,1,1
322,4,20,16,2,1,2
322,5,21,16,2,2,0
322,6,22,17,2,2,2
322,7,23,17,2,3,0
322,8,24,18,2,3,0
322,9,25,19,2,3,2
322,10,26,19,2,4,1
323,1,17,14,0,0,0
323,2,18,15,0,0,1
323,3,19,15,1,0,0
323,4,20,16,1,0,3
323,5,21,16,1,0,2
323,6,22,16,1,1,2
323,7,23,16,1,2,0
323,8,24,17,1,2,2
323,9,25,17,1,3,1
323,10,26,17,2,3,0
324,1,17,13,0,0,0
324,2,18,14,0,0,1
324,3,19,14,1,0,0
324,4,20,15,1,0,3
324,5,21,15,1,0,0
324,6,22,16,1,0,1
324,7,23,16,2,0,2
324,8,24,16,2,1,2
324,9,25,16,2,2,1
324,10,26,16,3,2,2
325,1,17,14,0,0,0
325,2,18,15,0,0,2
325,3,19,15,0,1,1
325,4,20,15,1,1,2
325,5,21,15,1,2,3
325,6,22,15,1,2,0
325,7,23,16,1,2,1
325,8,24,16,2,2,2
325,9,25,16,2,3,1
325,10,26,16,3,3,2
326,1,17,16,0,0,2
326,2,18,16,0,1,0
326,3,19,17,0,1,1
326,4,20,17,1,1,2
326,5,21,17,1,2,2
326,6,22,17,1,3,2
326,7,23,17,1,4,2
326,8,24,17,1,5,3
326,9,25,17,1,5,2
326,10,26,17,1,6,1
327,1,17,16,0,0,2
327,2,18,16,0,1,0
327,3,19,17,0,1,3
327,4,20,17,0,1,0
327,5,21,18,0,1,1
327,6,22,18,1,1,0
327,7,23,19,1,1,3
327,8,24,19,1,1,2
327,9,25,19,1,2,2
327,10,26,19,1,3,3
328,1,17,10,0,0,0
328,2,18,11,0,0,0
328,3,19,12,0,0,0
328,4,20,13,0,0,2
328,5,21,13,0,1,3
328,6,22,13,0,1,3
328,7,23,13,0,1,3
328,8,24,13,0,1,1
328,9,25,13,1,1,2
328,10,26,13,1,2,2
329,1,17,10,0,0,0
329,2,18,11,0,0,0
329,3,19,12,0,0,0
329,4,20,13,0,0,2
329,5,21,13,0,1,1
329,6,22,13,1,1,2
329,7,23,13,1,2,3
329,8,24,13,1,2,1
329,9,25,13,2,2,1
329,10,26,13,3,2,1
330,1,17,14,0,0,0
330,2,18,15,0,0,2
330,3,19,15,0,1,1
330,4,20,15,1,1,3
330,5,21,15,1,1,3
330,6,22,15,1,1,3
330,7,23,15,1,1,1
330,8,24,15,2,1,2
330,9,25,15,2,2,2
330,10,26,15,2,3,1
331,1,17,10,0,0,2
331,2,18,10,0,1,0
331,3,19,11,0,1,0
331,4,20,12,0,1,1
331,5,21,12,1,1,2
331,6,22,12,1,2,3
331,7,23,12,1,2,2
331,8,24,12,1,3,1
331,9,25,12,2,3,1
331,10,26,12,3,3,2
332,1,17,16,0,0,0
332,2,18,17,0,0,1
332,3,19,17,1,0,1
332,4,20,17,2,0,0
332,5,21,18,2,0,1
332,6,22,18,3,0,0
332,7,23,19,3,0,0
332,8,24,20,3,0,0
332,9,25,20,3,0,1
332,10,26,20,4,0,2
333,1,17,15,0,0,1
333,2,18,15,1,0,0
333,3,19,16,1,0,3
333,4,20,16,1,0,3
333,5,21,16,1,0,0
333,6,22,17,1,0,2
333,7,23,17,1,1,2
333,8,24,17,1,2,2
333,9,25,17,1,3,1
333,10,26,17,2,3,0
334,1,17,10,0,0,3
334,2,18,10,0,0,1
334,3,19,10,1,0,1
334,4,20,10,2,0,0
334,5,21,11,2,0,3
334,6,22,11,2,0,0
334,7,23,12,2,0,3
334,8,24,12,2,0,2
334,9,25,12,2,1,0
334,10,26,13,2,1,2
335,1,17,12,0,0,1
335,2,18,12,1,0,2
335,3,19,12,1,1,0
335,4,20,13,1,1,0
335,5,21,14,1,1,2
335,6,22,14,1,2,2
335,7,23,14,1,3,1
335,8,24,14,2,3,2
335,9,25,14,2,4,1
335,10,26,14,3,4,2
336,1,17,12,0,0,1
336,2,18,12,1,0,1
336,3,19,12,2,0,2
336,4,20,12,2,1,2
336,5,21,12,2,2,3
336,6,22,12,2,2,3
336,7,23,12,2,2,2
336,8,24,12,2,3,2
336,9,25,12,2,4,2
336,10,26,12,2,5,1
337,1,17,16,0,0,0
337,2,18,17,0,0,1
337,3,19,17,1,0,1
337,4,20,17,2,0,1
337,5,21,17,3,0,1
337,6,22,17,4,0,1
337,7,23,17,5,0,2
337,8,24,17,5,1,1
337,9,25,17,6,1,2
337,10,26,17,6,2,2
338,1,17,14,0,0,2
338,2,18,14,0,1,0
338,3,19,15,0,1,1
338,4,20,15,1,1,0
338,5,21,16,1,1,2
338,6,22,16,1,2,3
338,7,23,16,1,2,2
338,8,24,16,1,3,1
338,9,25,16,2,3,2
338,10,26,16,2,4,2
339,1,17,11,0,0,2
339,2,18,11,0,1,0
339,3,19,12,0,1,0
339,4,20,13,0,1,0
339,5,21,14,0,1,2
339,6,22,14,0,2,0
339,7,23,15,0,2,2
339,8,24,15,0,3,1
339,9,25,15,1,3,3
339,10,26,15,1,3,1
340,1,17,13,0,0,0
340,2,18,14,0,0,2
340,3,19,14,0,1,3
340,4,20,14,0,1,3
340,5,21,14,0,1,0
340,6,22,15,0,1,0
340,7,23,16,0,1,0
340,8,24,17,0,1,3
340,9,25,17,0,1,1
340,10,26,17,1,1,3
341,1,17,16,0,0,2
341,2,18,16,0,1,1
341,3,19,16,1,1,2
341,4,20,16,1,2,2
341,5,21,16,1,3,2
341,6,22,16,1,4,3
341,7,23,16,1,4,0
341,8,24,17,1,4,0
341,9,25,18,1,4,0
341,10,26,19,1,4,2
342,1,17,10,0,0,0
342,2,18,11,0,0,0
342,3,19,12,0,0,0
342,4,20,13,0,0,0
342,5,21,14,0,0,0
342,6,22,15,0,0,1
342,7,23,15,1,0,1
342,8,24,15,2,0,0
342,9,25,16,2,0,1
342,10,26,16,3,0,0
343,1,17,14,0,0,3
343,2,18,14,0,0,0
343,3,19,15,0,0,2
343,4,20,15,0,1,0
343,5,21,16,0,1,0
343,6,22,17,0,1,1
343,7,23,17,1,1,3
343,8,24,17,1,1,3
343,9,25,17,1,1,1
343,10,26,17,2,1,2
344,1,17,14,0,0,0
344,2,18,15,0,0,3
344,3,19,15,0,0,1
344,4,20,15,1,0,1
344,5,21,15,2,0,0
344,6,22,16,2,0,1
344,7,23,16,3,0,2
344,8,24,16,3,1,3
344,9,25,16,3,1,3
344,10,26,16,3,1,1
345,1,17,16,0,0,3
345,2,18,16,0,0,2
345,3,19,16,0,1,0
345,4,20,17,0,1,2
345,5,21,17,0,2,1
345,6,22,17,1,2,1
345,7,23,17,2,2,1
345,8,24,17,3,2,3
345,9,25,17,3,2,1
345,10,26,17,4,2,2
346,1,17,14,0,0,0
346,2,18,15,0,0,1
346,3,19,15,1,0,0
346,4,20,16,1,0,3
346,5,21,16,1,0,1
346,6,22,16,2,0,1
346,7,23,16,3,0,1
346,8,24,16,4,0,1
346,9,25,16,5,0,2
346,10,26,16,5,1,1
347,1,17,10,0,0,0
347,2,18,11,0,0,1
347,3,19,11,1,0,0
347,4,20,12,1,0,0
347,5,21,13,1,0,2
347,6,22,13,1,1,0
347,7,23,14,1,1,0
347,8,24,15,1,1,1
347,9,25,15,2,1,0
347,10,26,16,2,1,1
348,1,17,10,0,0,0
348,2,18,11,0,0,0
348,3,19,12,0,0,0
348,4,20,13,0,0,2
348,5,21,13,0,1,2
348,6,22,13,0,2,1
348,7,23,13,1,2,2
348,8,24,13,1,3,2
348,9,25,13,1,4,2
348,10,26,13,1,5,1
349,1,17,14,0,0,0
349,2,18,15,0,0,3
349,3,19,15,0,0,2
349,4,20,15,0,1,3
349,5,21,15,0,1,0
349,6,22,16,0,1,0
349,7,23,17,0,1,1
349,8,24,17,1,1,0
349,9,25,18,1,1,2
349,10,26,18,1,2,2
350,1,17,12,0,0,1
350,2,18,12,1,0,0
350,3,19,13,1,0,1
350,4,20,13,2,0,0
350,5,21,14,2,0,2
350,6,22,14,2,1,1
350,7,23,14,3,1,2
350,8,24,14,3,2,2
350,9,25,14,3,3,2
350,10,26,14,3,4,0
351,1,17,15,0,0,2
351,2,18,15,0,1,3
351,3,19,15,0,1,1
351,4,20,15,1,1,0
351,5,21,16,1,1,2
351,6,22,16,1,2,2
351,7,23,16,1,3,3
351,8,24,16,1,3,2
351,9,25,16,1,4,3
351,10,26,16,1,4,1
352,1,17,13,0,0,0
352,2,18,14,0,0,0
352,3,19,15,0,0,0
352,4,20,16,0,0,3
352,5,21,16,0,0,2
352,6,22,16,0,1,2
352,7,23,16,0,2,1
352,8,24,16,1,2,1
352,9,25,16,2,2,2
352,10,26,16,2,3,1
353,1,17,14,0,0,0
353,2,18,15,0,0,3
353,3,19,15,0,0,1
353,4,20,15,1,0,1
353,5,21,15,2,0,1
353,6,22,15,3,0,2
353,7,23,15,3,1,0
353,8,24,16,3,1,1
353,9,25,16,4,1,0
353,10,26,17,4,1,2
354,1,17,11,0,0,0
354,2,18,12,0,0,0
354,3,19,13,0,0,0
354,4,20,14,0,0,0
354,5,21,15,0,0,0
354,6,22,16,0,0,1
354,7,23,16,1,0,3
354,8,24,16,1,0,3
354,9,25,16,1,0,1
354,10,26,16,2,0,0
355,1,17,12,0,0,0
355,2,18,13,0,0,0
355,3,19,14,0,0,2
355,4,20,14,0,1,1
355,5,21,14,1,1,2
355,6,22,14,1,2,0
355,7,23,15,1,2,2
355,8,24,15,1,3,0
355,9,25,16,1,3,2
355,10,26,16,1,4,0
356,1,17,16,0,0,1
356,2,18,16,1,0,1
356,3,19,16,2,0,3
356,4,20,16,2,0,2
356,5,21,16,2,1,1
356,6,22,16,3,1,3
356,7,23,16,3,1,3
356,8,24,16,3,1,1
356,9,25,16,4,1,3
356,10,26,16,4,1,1
357,1,17,12,0,0,0
357,2,18,13,0,0,0
357,3,19,14,0,0,2
357,4,20,14,0,1,2
357,5,21,14,0,2,3
357,6,22,14,0,2,1
357,7,23,14,1,2,1
357,8,24,14,2,2,1
357,9,25,14,3,2,0
357,10,26,15,3,2,2
358,1,17,12,0,0,1
358,2,18,12,1,0,0
358,3,19,13,1,0,2
358,4,20,13,1,1,0
358,5,21,14,1,1,0
358,6,22,15,1,1,2
358,7,23,15,1,2,2
358,8,24,15,1,3,1
358,9,25,15,2,3,1
358,10,26,15,3,3,3
359,1,17,13,0,0,3
359,2,18,13,0,0,3
359,3,19,13,0,0,0
359,4,20,14,0,0,1
359,5,21,14,1,0,0
359,6,22,15,1,0,0
359,7,23,16,1,0,2
359,8,24,16,1,1,2
359,9,25,16,1,2,2
359,10,26,16,1,3,2
360,1,17,13,0,0,2
360,2,18,13,0,1,2
360,3,19,13,0,2,3
360,4,20,13,0,2,0
360,5,21,14,0,2,0
360,6,22,15,0,2,0
360,7,23,16,0,2,1
360,8,24,16,1,2,1
360,9,25,16,2,2,3
360,10,26,16,2,2,1
361,1,17,10,0,0,2
361,2,18,10,0,1,0
361,3,19,11,0,1,3
361,4,20,11,0,1,3
361,5,21,11,0,1,0
361,6,22,12,0,1,1
361,7,23,12,1,1,0
361,8,24,13,1,1,0
361,9,25,14,1,1,1
361,10,26,14,2,1,1
362,1,17,16,0,0,1
362,2,18,16,1,0,0
362,3,19,17,1,0,3
362,4,20,17,1,0,3
362,5,21,17,1,0,2
362,6,22,17,1,1,1
362,7,23,17,2,1,3
362,8,24,17,2,1,1
362,9,25,17,3,1,3
362,10,26,17,3,1,2
363,1,17,11,0,0,0
363,2,18,12,0,0,0
363,3,19,13,0,0,1
363,4,20,13,1,0,0
363,5,21,14,1,0,3
363,6,22,14,1,0,2
363,7,23,14,1,1,3
363,8,24,14,1,1,2
363,9,25,14,1,2,2
363,10,26,14,1,3,3
364,1,17,11,0,0,3
364,2,18,11,0,0,0
364,3,19,12,0,0,0
364,4,20,13,0,0,1
364,5,21,13,1,0,1
364,6,22,13,2,0,1
364,7,23,13,3,0,2
364,8,24,13,3,1,1
364,9,25,13,4,1,1
364,10,26,13,5,1,1
365,1,17,14,0,0,3
365,2,18,14,0,0,2
365,3,19,14,0,1,3
365,4,20,14,0,1,3
365,5,21,14,0,1,3
365,6,22,14,0,1,0
365,7,23,15,0,1,2
365,8,24,15,0,2,0
365,9,25,16,0,2,2
365,10,26,16,0,3,1
366,1,17,11,0,0,3
366,2,18,11,0,0,2
366,3,19,11,0,1,0
366,4,20,12,0,1,3
366,5,21,12,0,1,0
366,6,22,13,0,1,0
366,7,23,14,0,1,2
366,8,24,14,0,2,0
366,9,25,15,0,2,1
366,10,26,15,1,2,1
367,1,17,13,0,0,3
367,2,18,13,0,0,2
367,3,19,13,0,1,0
367,4,20,14,0,1,0
367,5,21,15,0,1,1
367,6,22,15,1,1,2
367,7,23,15,1,2,0
367,8,24,16,1,2,3
367,9,25,16,1,2,2
367,10,26,16,1,3,3
368,1,17,11,0,0,1
368,2,18,11,1,0,0
368,3,19,12,1,0,2
368,4,20,12,1,1,0
368,5,21,13,1,1,1
368,6,22,13,2,1,0
368,7,23,14,2,1,0
368,8,24,15,2,1,1
368,9,25,15,3,1,2
368,10,26,15,3,2,0
369,1,17,15,0,0,0
369,2,18,16,0,0,3
369,3,19,16,0,0,0
369,4,20,17,0,0,3
369,5,21,17,0,0,2
369,6,22,17,0,1,3
369,7,23,17,0,1,2
369,8,24,17,0,2,1
369,9,25,17,1,2,2
369,10,26,17,1,3,0
370,1,17,16,0,0,1
370,2,18,16,1,0,0
370,3,19,17,1,0,2
370,4,20,17,1,1,1
370,5,21,17,2,1,0
370,6,22,18,2,1,2
370,7,23,18,2,2,1
370,8,24,18,3,2,1
370,9,25,18,4,2,0
370,10,26,19,4,2,2
371,1,17,13,0,0,0
371,2,18,14,0,0,0
371,3,19,15,0,0,2
371,4,20,15,0,1,1
371,5,21,15,1,1,1
371,6,22,15,2,1,1
371,7,23,15,3,1,2
371,8,24,15,3,2,0
371,9,25,16,3,2,1
371,10,26,16,4,2,1
372,1,17,16,0,0,2
372,2,18,16,0,1,1
372,3,19,16,1,1,2
372,4,20,16,1,2,3
372,5,21,16,1,2,2
372,6,22,16,1,3,2
372,7,23,16,1,4,2
372,8,24,16,1,5,1
372,9,25,16,2,5,1
372,10,26,16,3,5,2
373,1,17,15,0,0,2
373,2,18,15,0,1,0
373,3,19,16,0,1,1
373,4,20,16,1,1,0
373,5,21,17,1,1,3
373,6,22,17,1,1,0
373,7,23,18,1,1,1
373,8,24,18,2,1,2
373,9,25,18,2,2,0
373,10,26,19,2,2,2
374,1,17,12,0,0,0
374,2,18,13,0,0,0
374,3,19,14,0,0,3
374,4,20,14,0,0,1
374,5,21,14,1,0,0
374,6,22,15,1,0,2
374,7,23,15,1,1,1
374,8,24,15,2,1,3
374,9,25,15,2,1,2
374,10,26,15,2,2,2
375,1,17,10,0,0,0
375,2,18,11,0,0,3
375,3,19,11,0,0,0
375,4,20,12,0,0,1
375,5,21,12,1,0,3
375,6,22,12,1,0,1
375,7,23,12,2,0,1
375,8,24,12,3,0,2
375,9,25,12,3,1,3
375,10,26,12,3,1,1
376,1,17,14,0,0,3
376,2,18,14,0,0,1
376,3,19,14,1,0,0
376,4,20,15,1,0,0
376,5,21,16,1,0,1
376,6,22,16,2,0,3
376,7,23,16,2,0,1
376,8,24,16,3,0,1
376,9,25,16,4,0,3
376,10,26,16,4,0,2
377,1,17,10,0,0,0
377,2,18,11,0,0,2
377,3,19,11,0,1,1
377,4,20,11,1,1,3
377,5,21,11,1,1,1
377,6,22,11,2,1,0
377,7,23,12,2,1,2
377,8,24,12,2,2,1
377,9,25,12,3,2,3
377,10,26,12,3,2,2
378,1,17,10,0,0,1
378,2,18,10,1,0,0
378,3,19,11,1,0,0
378,4,20,12,1,0,0
378,5,21,13,1,0,0
378,6,22,14,1,0,1
378,7,23,14,2,0,1
378,8,24,14,3,0,1
378,9,25,14,4,0,2
378,10,26,14,4,1,2
379,1,17,10,0,0,3
379,2,18,10,0,0,2
379,3,19,10,0,1,0
379,4,20,11,0,1,1
379,5,21,11,1,1,2
379,6,22,11,1,2,0
379,7,23,12,1,2,1
379,8,24,12,2,2,1
379,9,25,12,3,2,3
379,10,26,12,3,2,2
380,1,17,11,0,0,0
380,2,18,12,0,0,0
380,3,19,13,0,0,2
380,4,20,13,0,1,0
380,5,21,14,0,1,0
380,6,22,15,0,1,1
380,7,23,15,1,1,1
380,8,24,15,2,1,0
380,9,25,16,2,1,3
380,10,26,16,2,1,0
381,1,17,12,0,0,0
381,2,18,13,0,0,2
381,3,19,13,0,1,3
381,4,20,13,0,1,0
381,5,21,14,0,1,0
381,6,22,15,0,1,1
381,7,23,15,1,1,1
381,8,24,15,2,1,1
381,9,25,15,3,1,0
381,10,26,16,3,1,2
382,1,17,14,0,0,0
382,2,18,15,0,0,0
382,3,19,16,0,0,3
382,4,20,16,0,0,2
382,5,21,16,0,1,2
382,6,22,16,0,2,0
382,7,23,17,0,2,0
382,8,24,18,0,2,2
382,9,25,18,0,3,1
382,10,26,18,1,3,3
383,1,17,12,0,0,0
383,2,18,13,0,0,0
383,3,19,14,0,0,0
383,4,20,15,0,0,2
383,5,21,15,0,1,2
383,6,22,15,0,2,0
383,7,23,16,0,2,2
383,8,24,16,0,3,1
383,9,25,16,1,3,2
383,10,26,16,1,4,3
384,1,17,11,0,0,2
384,2,18,11,0,1,1
384,3,19,11,1,1,0
384,4,20,12,1,1,0
384,5,21,13,1,1,0
384,6,22,14,1,1,2
384,7,23,14,1,2,2
384,8,24,14,1,3,3
384,9,25,14,1,3,3
384,10,26,14,1,3,0
385,1,17,10,0,0,1
385,2,18,10,1,0,1
385,3,19,10,2,0,0
385,4,20,11,2,0,3
385,5,21,11,2,0,1
385,6,22,11,3,0,0
385,7,23,12,3,0,1
385,8,24,12,4,0,0
385,9,25,13,4,0,1
385,10,26,13,5,0,1
386,1,17,15,0,0,3
386,2,18,15,0,0,0
386,3,19,16,0,0,1
386,4,20,16,1,0,1
386,5,21,16,2,0,3
386,6,22,16,2,0,1
386,7,23,16,3,0,1
386,8,24,16,4,0,2
386,9,25,16,4,1,1
386,10,26,16,5,1,3
387,1,17,15,0,0,1
387,2,18,15,1,0,2
387,3,19,15,1,1,2
387,4,20,15,1,2,2
387,5,21,15,1,3,0
387,6,22,16,1,3,1
387,7,23,16,2,3,3
387,8,24,16,2,3,1
387,9,25,16,3,3,0
387,10,26,17,3,3,2
388,1,17,13,0,0,1
388,2,18,13,1,0,2
388,3,19,13,1,1,1
388,4,20,13,2,1,0
388,5,21,14,2,1,1
388,6,22,14,3,1,0
388,7,23,15,3,1,1
388,8,24,15,4,1,2
388,9,25,15,4,2,1
388,10,26,15,5,2,1
389,1,17,12,0,0,0
389,2,18,13,0,0,2
389,3,19,13,0,1,2
389,4,20,13,0,2,0
389,5,21,14,0,2,1
389,6,22,14,1,2,0
389,7,23,15,1,2,2
389,8,24,15,1,3,2
389,9,25,15,1,4,1
389,10,26,15,2,4,2
390,1,17,14,0,0,0
390,2,18,15,0,0,3
390,3,19,15,0,0,1
390,4,20,15,1,0,1
390,5,21,15,2,0,1
390,6,22,15,3,0,3
390,7,23,15,3,0,0
390,8,24,16,3,0,3
390,9,25,16,3,0,1
390,10,26,16,4,0,2
391,1,17,15,0,0,2
391,2,18,15,0,1,2
391,3,19,15,0,2,2
391,4,20,15,0,3,3
391,5,21,15,0,3,3
391,6,22,15,0,3,0
391,7,23,16,0,3,1
391,8,24,16,1,3,2
391,9,25,16,1,4,2
391,10,26,16,1,5,0
392,1,17,15,0,0,3
392,2,18,15,0,0,0
392,3,19,16,0,0,1
392,4,20,16,1,0,3
392,5,21,16,1,0,1
392,6,22,16,2,0,1
392,7,23,16,3,0,1
392,8,24,16,4,0,0
392,9,25,17,4,0,2
392,10,26,17,4,1,1
393,1,17,10,0,0,2
393,2,18,10,0,1,2
393,3,19,10,0,2,2
393,4,20,10,0,3,0
393,5,21,11,0,3,0
393,6,22,12,0,3,3
393,7,23,12,0,3,3
393,8,24,12,0,3,1
393,9,25,12,1,3,0
393,10,26,13,1,3,3
394,1,17,15,0,0,3
394,2,18,15,0,0,0
394,3,19,16,0,0,0
394,4,20,17,0,0,2
394,5,21,17,0,1,0
394,6,22,18,0,1,1
394,7,23,18,1,1,2
394,8,24,18,1,2,1
394,9,25,18,2,2,2
394,10,26,18,2,3,0
395,1,17,10,0,0,2
395,2,18,10,0,1,2
395,3,19,10,0,2,0
395,4,20,11,0,2,0
395,5,21,12,0,2,0
395,6,22,13,0,2,0
395,7,23,14,0,2,2
395,8,24,14,0,3,2
395,9,25,14,0,4,1
395,10,26,14,1,4,2
396,1,17,15,0,0,0
396,2,18,16,0,0,0
396,3,19,17,0,0,3
396,4,20,17,0,0,2
396,5,21,17,0,1,0
396,6,22,18,0,1,1
396,7,23,18,1,1,1
396,8,24,18,2,1,2
396,9,25,18,2,2,2
396,10,26,18,2,3,0
397,1,17,10,0,0,0
397,2,18,11,0,0,1
397,3,19,11,1,0,0
397,4,20,12,1,0,2
397,5,21,12,1,1,3
397,6,22,12,1,1,0
397,7,23,13,1,1,0
397,8,24,14,1,1,1
397,9,25,14,2,1,0
397,10,26,15,2,1,0
398,1,17,14,0,0,2
398,2,18,14,0,1,0
398,3,19,15,0,1,3
398,4,20,15,0,1,1
398,5,21,15,1,1,0
398,6,22,16,1,1,1
398,7,23,16,2,1,0
398,8,24,17,2,1,0
398,9,25,18,2,1,3
398,10,26,18,2,1,2
399,1,17,10,0,0,2
399,2,18,10,0,1,0
399,3,19,11,0,1,2
399,4,20,11,0,2,0
399,5,21,12,0,2,1
399,6,22,12,1,2,1
399,7,23,12,2,2,2
399,8,24,12,2,3,3
399,9,25,12,2,3,1
399,10,26,12,3,3,1
400,1,17,10,0,0,1
400,2,18,10,1,0,1
400,3,19,10,2,0,1
400,4,20,10,3,0,1
400,5,21,10,4,0,0
400,6,22,11,4,0,1
400,7,23,11,5,0,2
400,8,24,11,5,1,2
400,9,25,11,5,2,3
400,10,26,11,5,2,1
401,1,17,16,0,0,2
401,2,18,16,0,1,1
401,3,19,16,1,1,0
401,4,20,17,1,1,1
401,5,21,17,2,1,1
401,6,22,17,3,1,1
401,7,23,17,4,1,3
401,8,24,17,4,1,0
401,9,25,18,4,1,2
401,10,26,18,4,2,1
402,1,17,11,0,0,0
402,2,18,12,0,0,0
402,3,19,13,0,0,0
402,4,20,14,0,0,1
402,5,21,14,1,0,3
402,6,22,14,1,0,0
402,7,23,15,1,0,1
402,8,24,15,2,0,1
402,9,25,15,3,0,0
402,10,26,16,3,0,1
403,1,17,16,0,0,2
403,2,18,16,0,1,2
403,3,19,16,0,2,3
403,4,20,16,0,2,2
403,5,21,16,0,3,1
403,6,22,16,1,3,1
403,7,23,16,2,3,2
403,8,24,16,2,4,1
403,9,25,16,3,4,3
403,10,26,16,3,4,2
404,1,17,15,0,0,0
404,2,18,16,0,0,0
404,3,19,17,0,0,2
404,4,20,17,0,1,2
404,5,21,17,0,2,2
404,6,22,17,0,3,2
404,7,23,17,0,4,1
404,8,24,17,1,4,1
404,9,25,17,2,4,1
404,10,26,17,3,4,1
405,1,17,12,0,0,1
405,2,18,12,1,0,3
405,3,19,12,1,0,1
405,4,20,12,2,0,2
405,5,21,12,2,1,0
405,6,22,13,2,1,1
405,7,23,13,3,1,1
405,8,24,13,4,1,2
405,9,25,13,4,2,1
405,10,26,13,5,2,3
406,1,17,15,0,0,3
406,2,18,15,0,0,1
406,3,19,15,1,0,2
406,4,20,15,1,1,0
406,5,21,16,1,1,0
406,6,22,17,1,1,3
406,7,23,17,1,1,1
406,8,24,17,2,1,1
406,9,25,17,3,1,1
406,10,26,17,4,1,1
407,1,17,12,0,0,0
407,2,18,13,0,0,0
407,3,19,14,0,0,3
407,4,20,14,0,0,1
407,5,21,14,1,0,2
407,6,22,14,1,1,0
407,7,23,15,1,1,1
407,8,24,15,2,1,0
407,9,25,16,2,1,2
407,10,26,16,2,2,1
408,1,17,11,0,0,0
408,2,18,12,0,0,2
408,3,19,12,0,1,0
408,4,20,13,0,1,3
408,5,21,13,0,1,3
408,6,22,13,0,1,1
408,7,23,13,1,1,0
408,8,24,14,1,1,1
408,9,25,14,2,1,1
408,10,26,14,3,1,1
409,1,17,11,0,0,0
409,2,18,12,0,0,0
409,3,19,13,0,0,0
409,4,20,14,0,0,3
409,5,21,14,0,0,1
409,6,22,14,1,0,3
409,7,23,14,1,0,2
409,8,24,14,1,1,1
409,9,25,14,2,1,0
409,10,26,15,2,1,1
410,1,17,11,0,0,0
410,2,18,12,0,0,3
410,3,19,12,0,0,0
410,4,20,13,0,0,2
410,5,21,13,0,1,1
410,6,22,13,1,1,0
410,7,23,14,1,1,1
410,8,24,14,2,1,2
410,9,25,14,2,2,1
410,10,26,14,3,2,3
411,1,17,13,0,0,2
411,2,18,13,0,1,3
411,3,19,13,0,1,1
411,4,20,13,1,1,2
411,5,21,13,1,2,1
411,6,22,13,2,2,1
411,7,23,13,3,2,2
411,8,24,13,3,3,1
411,9,25,13,4,3,2
411,10,26,13,4,4,2
412,1,17,10,0,0,2
412,2,18,10,0,1,1
412,3,19,10,1,1,0
412,4,20,11,1,1,0
412,5,21,12,1,1,1
412,6,22,12,2,1,3
412,7,23,12,2,1,1
412,8,24,12,3,1,3
412,9,25,12,3,1,2
412,10,26,12,3,2,3
413,1,17,12,0,0,0
413,2,18,13,0,0,0
413,3,19,14,0,0,0
413,4,20,15,0,0,0
413,5,21,16,0,0,2
413,6,22,16,0,1,1
413,7,23,16,1,1,3
413,8,24,16,1,1,2
413,9,25,16,1,2,2
413,10,26,16,1,3,0
414,1,17,13,0,0,1
414,2,18,13,1,0,2
414,3,19,13,1,1,0
414,4,20,14,1,1,2
414,5,21,14,1,2,1
414,6,22,14,2,2,1
414,7,23,14,3,2,1
414,8,24,14,4,2,2
414,9,25,14,4,3,1
414,10,26,14,5,3,1
415,1,17,16,0,0,1
415,2,18,16,1,0,1
415,3,19,16,2,0,0
415,4,20,17,2,0,2
415,5,21,17,2,1,0
415,6,22,18,2,1,3
415,7,23,18,2,1,0
415,8,24,19,2,1,2
415,9,25,19,2,2,0
415,10,26,20,2,2,0
416,1,17,12,0,0,3
416,2,18,12,0,0,0
416,3,19,13,0,0,0
416,4,20,14,0,0,2
416,5,21,14,0,1,2
416,6,22,14,0,2,0
416,7,23,15,0,2,0
416,8,24,16,0,2,3
416,9,25,16,0,2,1
416,10,26,16,1,2,0
417,1,17,11,0,0,0
417,2,18,12,0,0,1
417,3,19,12,1,0,0
417,4,20,13,1,0,0
417,5,21,14,1,0,2
417,6,22,14,1,1,0
417,7,23,15,1,1,3
417,8,24,15,1,1,2
417,9,25,15,1,2,3
417,10,26,15,1,2,0
418,1,17,13,0,0,0
418,2,18,14,0,0,2
418,3,19,14,0,1,3
418,4,20,14,0,1,1
418,5,21,14,1,1,0
418,6,22,15,1,1,2
418,7,23,15,1,2,2
418,8,24,15,1,3,2
418,9,25,15,1,4,0
418,10,26,16,1,4,3
419,1,17,12,0,0,1
419,2,18,12,1,0,1
419,3,19,12,2,0,1
419,4,20,12,3,0,0
419,5,21,13,3,0,0
419,6,22,14,3,0,2
419,7,23,14,3,1,2
419,8,24,14,3,2,1
419,9,25,14,4,2,3
419,10,26,14,4,2,0
420,1,17,12,0,0,0
420,2,18,13,0,0,2
420,3,19,13,0,1,2
420,4,20,13,0,2,2
420,5,21,13,0,3,0
420,6,22,14,0,3,0
420,7,23,15,0,3,1
420,8,24,15,1,3,2
420,9,25,15,1,4,2
420,10,26,15,1,5,2
421,1,17,16,0,0,2
421,2,18,16,0,1,1
421,3,19,16,1,1,1
421,4,20,16,2,1,1
421,5,21,16,3,1,1
421,6,22,16,4,1,2
421,7,23,16,4,2,1
421,8,24,16,5,2,1
421,9,25,16,6,2,0
421,10,26,17,6,2,2
422,1,17,10,0,0,0
422,2,18,11,0,0,2
422,3,19,11,0,1,2
422,4,20,11,0,2,0
422,5,21,12,0,2,3
422,6,22,12,0,2,1
422,7,23,12,1,2,1
422,8,24,12,2,2,1
422,9,25,12,3,2,1
422,10,26,12,4,2,1
423,1,17,16,0,0,3
423,2,18,16,0,0,1
423,3,19,16,1,0,0
423,4,20,17,1,0,2
423,5,21,17,1,1,2
423,6,22,17,1,2,1
423,7,23,17,2,2,0
423,8,24,18,2,2,2
423,9,25,18,2,3,2
423,10,26,18,2,4,1
424,1,17,11,0,0,3
424,2,18,11,0,0,0
424,3,19,12,0,0,0
424,4,20,13,0,0,1
424,5,21,13,1,0,1
424,6,22,13,2,0,2
424,7,23,13,2,1,1
424,8,24,13,3,1,2
424,9,25,13,3,2,1
424,10,26,13,4,2,1
425,1,17,14,0,0,0
425,2,18,15,0,0,0
425,3,19,16,0,0,2
425,4,20,16,0,1,1
425,5,21,16,1,1,2
425,6,22,16,1,2,0
425,7,23,17,1,2,2
425,8,24,17,1,3,2
425,9,25,17,1,4,1
425,10,26,17,2,4,3
426,1,17,11,0,0,0
426,2,18,12,0,0,0
426,3,19,13,0,0,0
426,4,20,14,0,0,1
426,5,21,14,1,0,2
426,6,22,14,1,1,2
426,7,23,14,1,2,2
426,8,24,14,1,3,0
426,9,25,15,1,3,1
426,10,26,15,2,3,3
427,1,17,11,0,0,0
427,2,18,12,0,0,2
427,3,19,12,0,1,2
427,4,20,12,0,2,1
427,5,21,12,1,2,1
427,6,22,12,2,2,1
427,7,23,12,3,2,3
427,8,24,12,3,2,2
427,9,25,12,3,3,2
427,10,26,12,3,4,2
428,1,17,12,0,0,3
428,2,18,12,0,0,0
428,3,19,13,0,0,1
428,4,20,13,1,0,1
428,5,21,13,2,0,0
428,6,22,14,2,0,1
428,7,23,14,3,0,3
428,8,24,14,3,0,0
428,9,25,15,3,0,1
428,10,26,15,4,0,1
429,1,17,15,0,0,2
429,2,18,15,0,1,0
429,3,19,16,0,1,0
429,4,20,17,0,1,3
429,5,21,17,0,1,3
429,6,22,17,0,1,0
429,7,23,18,0,1,3
429,8,24,18,0,1,1
429,9,25,18,1,1,0
429,10,26,19,1,1,1
430,1,17,13,0,0,3
430,2,18,13,0,0,0
430,3,19,14,0,0,1
430,4,20,14,1,0,1
430,5,21,14,2,0,1
430,6,22,14,3,0,0
430,7,23,15,3,0,3
430,8,24,15,3,0,0
430,9,25,16,3,0,3
430,10,26,16,3,0,2
431,1,17,11,0,0,1
431,2,18,11,1,0,2
431,3,19,11,1,1,0
431,4,20,12,1,1,2
431,5,21,12,1,2,0
431,6,22,13,1,2,0
431,7,23,14,1,2,2
431,8,24,14,1,3,1
431,9,25,14,2,3,0
431,10,26,15,2,3,3
432,1,17,15,0,0,0
432,2,18,16,0,0,2
432,3,19,16,0,1,3
432,4,20,16,0,1,2
432,5,21,16,0,2,2
432,6,22,16,0,3,3
432,7,23,16,0,3,2
432,8,24,16,0,4,2
432,9,25,16,0,5,2
432,10,26,16,0,6,1
433,1,17,15,0,0,1
433,2,18,15,1,0,0
433,3,19,16,1,0,2
433,4,20,16,1,1,0
433,5,21,17,1,1,1
433,6,22,17,2,1,1
433,7,23,17,3,1,1
433,8,24,17,4,1,1
433,9,25,17,5,1,2
433,10,26,17,5,2,1
434,1,17,16,0,0,1
434,2,18,16,1,0,1
434,3,19,16,2,0,1
434,4,20,16,3,0,2
434,5,21,16,3,1,0
434,6,22,17,3,1,3
434,7,23,17,3,1,3
434,8,24,17,3,1,1
434,9,25,17,4,1,1
434,10,26,17,5,1,2
435,1,17,16,0,0,1
435,2,18,16,1,0,1
435,3,19,16,2,0,0
435,4,20,17,2,0,2
435,5,21,17,2,1,0
435,6,22,18,2,1,1
435,7,23,18,3,1,1
435,8,24,18,4,1,2
435,9,25,18,4,2,3
435,10,26,18,4,2,0
436,1,17,14,0,0,1
436,2,18,14,1,0,0
436,3,19,15,1,0,0
436,4,20,16,1,0,1
436,5,21,16,2,0,3
436,6,22,16,2,0,1
436,7,23,16,3,0,1
436,8,24,16,4,0,0
436,9,25,17,4,0,2
436,10,26,17,4,1,2
437,1,17,10,0,0,1
437,2,18,10,1,0,0
437,3,19,11,1,0,0
437,4,20,12,1,0,0
437,5,21,13,1,0,2
437,6,22,13,1,1,1
437,7,23,13,2,1,2
437,8,24,13,2,2,2
437,9,25,13,2,3,1
437,10,26,13,3,3,1
438,1,17,15,0,0,0
438,2,18,16,0,0,1
438,3,19,16,1,0,3
438,4,20,16,1,0,0
438,5,21,17,1,0,3
438,6,22,17,1,0,1
438,7,23,17,2,0,3
438,8,24,17,2,0,1
438,9,25,17,3,0,2
438,10,26,17,3,1,2
439,1,17,12,0,0,0
439,2,18,13,0,0,0
439,3,19,14,0,0,2
439,4,20,14,0,1,0
439,5,21,15,0,1,0
439,6,22,16,0,1,0
439,7,23,17,0,1,0
439,8,24,18,0,1,1
439,9,25,18,1,1,3
439,10,26,18,1,1,1
440,1,17,16,0,0,1
440,2,18,16,1,0,3
440,3,19,16,1,0,0
440,4,20,17,1,0,0
440,5,21,18,1,0,1
440,6,22,18,2,0,1
440,7,23,18,3,0,3
440,8,24,18,3,0,1
440,9,25,18,4,0,2
440,10,26,18,4,1,1
441,1,17,13,0,0,1
441,2,18,13,1,0,0
441,3,19,14,1,0,2
441,4,20,14,1,1,0
441,5,21,15,1,1,1
441,6,22,15,2,1,1
441,7,23,15,3,1,1
441,8,24,15,4,1,1
441,9,25,15,5,1,0
441,10,26,16,5,1,1
442,1,17,10,0,0,1
442,2,18,10,1,0,0
442,3,19,11,1,0,1
442,4,20,11,2,0,3
442,5,21,11,2,0,0
442,6,22,12,2,0,0
442,7,23,13,2,0,1
442,8,24,13,3,0,0
442,9,25,14,3,0,3
442,10,26,14,3,0,1
443,1,17,13,0,0,0
443,2,18,14,0,0,1
443,3,19,14,1,0,1
443,4,20,14,2,0,0
443,5,21,15,2,0,0
443,6,22,16,2,0,0
443,7,23,17,2,0,1
443,8,24,17,3,0,0
443,9,25,18,3,0,2
443,10,26,18,3,1,3
444,1,17,12,0,0,0
444,2,18,13,0,0,0
444,3,19,14,0,0,3
444,4,20,14,0,0,3
444,5,21,14,0,0,3
444,6,22,14,0,0,2
444,7,23,14,0,1,0
444,8,24,15,0,1,1
444,9,25,15,1,1,0
444,10,26,16,1,1,0
445,1,17,14,0,0,0
445,2,18,15,0,0,2
445,3,19,15,0,1,0
445,4,20,16,0,1,3
445,5,21,16,0,1,0
445,6,22,17,0,1,0
445,7,23,18,0,1,3
445,8,24,18,0,1,1
445,9,25,18,1,1,0
445,10,26,19,1,1,2
446,1,17,16,0,0,0
446,2,18,17,0,0,1
446,3,19,17,1,0,3
446,4,20,17,1,0,0
446,5,21,18,1,0,1
446,6,22,18,2,0,0
446,7,23,19,2,0,0
446,8,24,20,2,0,0
446,9,25,20,2,0,1
446,10,26,20,3,0,1
447,1,17,16,0,0,2
447,2,18,16,0,1,1
447,3,19,16,1,1,1
447,4,20,16,2,1,2
447,5,21,16,2,2,1
447,6,22,16,3,2,1
447,7,23,16,4,2,1
447,8,24,16,5,2,0
447,9,25,17,5,2,1
447,10,26,17,6,2,3
448,1,17,11,0,0,1
448,2,18,11,1,0,0
448,3,19,12,1,0,0
448,4,20,13,1,0,0
448,5,21,14,1,0,1
448,6,22,14,2,0,0
448,7,23,15,2,0,0
448,8,24,16,2,0,2
448,9,25,16,2,1,2
448,10,26,16,2,2,2
449,1,17,11,0,0,2
449,2,18,11,0,1,1
449,3,19,11,1,1,0
449,4,20,12,1,1,0
449,5,21,13,1,1,2
449,6,22,13,1,2,1
449,7,23,13,2,2,1
449,8,24,13,3,2,1
449,9,25,13,4,2,0
449,10,26,14,4,2,2
450,1,17,10,0,0,1
450,2,18,10,1,0,0
450,3,19,11,1,0,0
450,4,20,12,1,0,0
450,5,21,13,1,0,2
450,6,22,13,1,1,0
450,7,23,14,1,1,2
450,8,24,14,1,2,0
450,9,25,15,1,2,2
450,10,26,15,1,3,2
451,1,17,11,0,0,0
451,2,18,12,0,0,1
451,3,19,12,1,0,0
451,4,20,13,1,0,2
451,5,21,13,1,1,1
451,6,22,13,2,1,1
451,7,23,13,3,1,2
451,8,24,13,3,2,3
451,9,25,13,3,2,1
451,10,26,13,4,2,3
452,1,17,14,0,0,0
452,2,18,15,0,0,1
452,3,19,15,1,0,0
452,4,20,16,1,0,1
452,5,21,16,2,0,1
452,6,22,16,3,0,0
452,7,23,17,3,0,0
452,8,24,18,3,0,2
452,9,25,18,3,1,2
452,10,26,18,3,2,2
453,1,17,10,0,0,0
453,2,18,11,0,0,0
453,3,19,12,0,0,1
453,4,20,12,1,0,0
453,5,21,13,1,0,0
453,6,22,14,1,0,0
453,7,23,15,1,0,1
453,8,24,15,2,0,1
453,9,25,15,3,0,1
453,10,26,15,4,0,1
454,1,17,12,0,0,2
454,2,18,12,0,1,0
454,3,19,13,0,1,1
454,4,20,13,1,1,0
454,5,21,14,1,1,1
454,6,22,14,2,1,0
454,7,23,15,2,1,2
454,8,24,15,2,2,1
454,9,25,15,3,2,1
454,10,26,15,4,2,0
455,1,17,10,0,0,0
455,2,18,11,0,0,0
455,3,19,12,0,0,2
455,4,20,12,0,1,0
455,5,21,13,0,1,1
455,6,22,13,1,1,0
455,7,23,14,1,1,2
455,8,24,14,1,2,2
455,9,25,14,1,3,0
455,10,26,15,1,3,1
456,1,17,12,0,0,0
456,2,18,13,0,0,2
456,3,19,13,0,1,2
456,4,20,13,0,2,3
456,5,21,13,0,2,1
456,6,22,13,1,2,0
456,7,23,14,1,2,1
456,8,24,14,2,2,2
456,9,25,14,2,3,0
456,10,26,15,2,3,1
457,1,17,15,0,0,0
457,2,18,16,0,0,1
457,3,19,16,1,0,0
457,4,20,17,1,0,0
457,5,21,18,1,0,1
457,6,22,18,2,0,1
457,7,23,18,3,0,2
457,8,24,18,3,1,0
457,9,25,19,3,1,1
457,10,26,19,4,1,1
458,1,17,12,0,0,1
458,2,18,12,1,0,2
458,3,19,12,1,1,0
458,4,20,13,1,1,2
458,5,21,13,1,2,1
458,6,22,13,2,2,0
458,7,23,14,2,2,1
458,8,24,14,3,2,2
458,9,25,14,3,3,0
458,10,26,15,3,3,2
459,1,17,14,0,0,0
459,2,18,15,0,0,0
459,3,19,16,0,0,2
459,4,20,16,0,1,2
459,5,21,16,0,2,1
459,6,22,16,1,2,0
459,7,23,17,1,2,0
459,8,24,18,1,2,2
459,9,25,18,1,3,2
459,10,26,18,1,4,3
460,1,17,13,0,0,1
460,2,18,13,1,0,3
460,3,19,13,1,0,0
460,4,20,14,1,0,1
460,5,21,14,2,0,2
460,6,22,14,2,1,0
460,7,23,15,2,1,1
460,8,24,15,3,1,1
460,9,25,15,4,1,1
460,10,26,15,5,1,3
461,1,17,12,0,0,0
461,2,18,13,0,0,2
461,3,19,13,0,1,2
461,4,20,13,0,2,0
461,5,21,14,0,2,2
461,6,22,14,0,3,2
461,7,23,14,0,4,3
461,8,24,14,0,4,1
461,9,25,14,1,4,3
461,10,26,14,1,4,2
462,1,17,14,0,0,0
462,2,18,15,0,0,3
462,3,19,15,0,0,2
462,4,20,15,0,1,2
462,5,21,15,0,2,0
462,6,22,16,0,2,2
462,7,23,16,0,3,1
462,8,24,16,1,3,2
462,9,25,16,1,4,2
462,10,26,16,1,5,1
463,1,17,15,0,0,3
463,2,18,15,0,0,0
463,3,19,16,0,0,2
463,4,20,16,0,1,1
463,5,21,16,1,1,1
463,6,22,16,2,1,2
463,7,23,16,2,2,2
463,8,24,16,2,3,0
463,9,25,17,2,3,1
463,10,26,17,3,3,0
464,1,17,14,0,0,0
464,2,18,15,0,0,1
464,3,19,15,1,0,2
464,4,20,15,1,1,1
464,5,21,15,2,1,0
464,6,22,16,2,1,2
464,7,23,16,2,2,0
464,8,24,17,2,2,1
464,9,25,17,3,2,1
464,10,26,17,4,2,0
465,1,17,14,0,0,3
465,2,18,14,0,0,1
465,3,19,14,1,0,0
465,4,20,15,1,0,2
465,5,21,15,1,1,2
465,6,22,15,1,2,2
465,7,23,15,1,3,3
465,8,24,15,1,3,1
465,9,25,15,2,3,0
465,10,26,16,2,3,1
466,1,17,11,0,0,2
466,2,18,11,0,1,0
466,3,19,12,0,1,0
466,4,20,13,0,1,0
466,5,21,14,0,1,0
466,6,22,15,0,1,1
466,7,23,15,1,1,0
466,8,24,16,1,1,0
466,9,25,17,1,1,1
466,10,26,17,2,1,1
467,1,17,13,0,0,2
467,2,18,13,0,1,3
467,3,19,13,0,1,0
467,4,20,14,0,1,1
467,5,21,14,1,1,1
467,6,22,14,2,1,0
467,7,23,15,2,1,2
467,8,24,15,2,2,3
467,9,25,15,2,2,2
467,10,26,15,2,3,2
468,1,17,12,0,0,0
468,2,18,13,0,0,3
468,3,19,13,0,0,0
468,4,20,14,0,0,0
468,5,21,15,0,0,1
468,6,22,15,1,0,3
468,7,23,15,1,0,1
468,8,24,15,2,0,0
468,9,25,16,2,0,0
468,10,26,17,2,0,3
469,1,17,13,0,0,0
469,2,18,14,0,0,1
469,3,19,14,1,0,0
469,4,20,15,1,0,0
469,5,21,16,1,0,1
469,6,22,16,2,0,2
469,7,23,16,2,1,0
469,8,24,17,2,1,0
469,9,25,18,2,1,2
469,10,26,18,2,2,1
470,1,17,14,0,0,0
470,2,18,15,0,0,3
470,3,19,15,0,0,2
470,4,20,15,0,1,0
470,5,21,16,0,1,3
470,6,22,16,0,1,0
470,7,23,17,0,1,0
470,8,24,18,0,1,3
470,9,25,18,0,1,1
470,10,26,18,1,1,1
471,1,17,15,0,0,1
471,2,18,15,1,0,1
471,3,19,15,2,0,2
471,4,20,15,2,1,0
471,5,21,16,2,1,0
471,6,22,17,2,1,3
471,7,23,17,2,1,3
471,8,24,17,2,1,3
471,9,25,17,2,1,3
471,10,26,17,2,1,1
472,1,17,10,0,0,0
472,2,18,11,0,0,0
472,3,19,12,0,0,0
472,4,20,13,0,0,0
472,5,21,14,0,0,1
472,6,22,14,1,0,1
472,7,23,14,2,0,1
472,8,24,14,3,0,1
472,9,25,14,4,0,0
472,10,26,15,4,0,1
473,1,17,10,0,0,0
473,2,18,11,0,0,0
473,3,19,12,0,0,1
473,4,20,12,1,0,0
473,5,21,13,1,0,0
473,6,22,14,1,0,2
473,7,23,14,1,1,1
473,8,24,14,2,1,0
473,9,25,15,2,1,2
473,10,26,15,2,2,3
474,1,17,14,0,0,1
474,2,18,14,1,0,0
474,3,19,15,1,0,2
474,4,20,15,1,1,0
474,5,21,16,1,1,3
474,6,22,16,1,1,1
474,7,23,16,2,1,1
474,8,24,16,3,1,1
474,9,25,16,4,1,3
474,10,26,16,4,1,2
475,1,17,12,0,0,1
475,2,18,12,1,0,2
475,3,19,12,1,1,2
475,4,20,12,1,2,3
475,5,21,12,1,2,0
475,6,22,13,1,2,1
475,7,23,13,2,2,0
475,8,24,14,2,2,0
475,9,25,15,2,2,3
475,10,26,15,2,2,3
476,1,17,16,0,0,2
476,2,18,16,0,1,1
476,3,19,16,1,1,2
476,4,20,16,1,2,0
476,5,21,17,1,2,1
476,6,22,17,2,2,1
476,7,23,17,3,2,1
476,8,24,17,4,2,2
476,9,25,17,4,3,1
476,10,26,17,5,3,2
477,1,17,11,0,0,2
477,2,18,11,0,1,0
477,3,19,12,0,1,0
477,4,20,13,0,1,1
477,5,21,13,1,1,0
477,6,22,14,1,1,2
477,7,23,14,1,2,2
477,8,24,14,1,3,1
477,9,25,14,2,3,0
477,10,26,15,2,3,1
478,1,17,10,0,0,0
478,2,18,11,0,0,0
478,3,19,12,0,0,1
478,4,20,12,1,0,1
478,5,21,12,2,0,1
478,6,22,12,3,0,0
478,7,23,13,3,0,1
478,8,24,13,4,0,3
478,9,25,13,4,0,1
478,10,26,13,5,0,1
479,1,17,14,0,0,1
479,2,18,14,1,0,1
479,3,19,14,2,0,0
479,4,20,15,2,0,0
479,5,21,16,2,0,1
479,6,22,16,3,0,1
479,7,23,16,4,0,2
479,8,24,16,4,1,2
479,9,25,16,4,2,0
479,10,26,17,4,2,1
480,1,17,13,0,0,0
480,2,18,14,0,0,2
480,3,19,14,0,1,2
480,4,20,14,0,2,2
480,5,21,14,0,3,2
480,6,22,14,0,4,3
480,7,23,14,0,4,0
480,8,24,15,0,4,2
480,9,25,15,0,5,1
480,10,26,15,1,5,1
481,1,17,11,0,0,0
481,2,18,12,0,0,0
481,3,19,13,0,0,0
481,4,20,14,0,0,2
481,5,21,14,0,1,2
481,6,22,14,0,2,0
481,7,23,15,0,2,1
481,8,24,15,1,2,2
481,9,25,15,1,3,1
481,10,26,15,2,3,2
482,1,17,12,0,0,0
482,2,18,13,0,0,2
482,3,19,13,0,1,0
482,4,20,14,0,1,2
482,5,21,14,0,2,0
482,6,22,15,0,2,3
482,7,23,15,0,2,2
482,8,24,15,0,3,1
482,9,25,15,1,3,3
482,10,26,15,1,3,1
483,1,17,15,0,0,2
483,2,18,15,0,1,2
483,3,19,15,0,2,0
483,4,20,16,0,2,1
483,5,21,16,1,2,0
483,6,22,17,1,2,2
483,7,23,17,1,3,0
483,8,24,18,1,3,2
483,9,25,18,1,4,2
483,10,26,18,1,5,3
484,1,17,11,0,0,0
484,2,18,12,0,0,1
484,3,19,12,1,0,3
484,4,20,12,1,0,0
484,5,21,13,1,0,0
484,6,22,14,1,0,0
484,7,23,15,1,0,2
484,8,24,15,1,1,2
484,9,25,15,1,2,3
484,10,26,15,1,2,2
485,1,17,13,0,0,2
485,2,18,13,0,1,3
485,3,19,13,0,1,0
485,4,20,14,0,1,0
485,5,21,15,0,1,0
485,6,22,16,0,1,1
485,7,23,16,1,1,2
485,8,24,16,1,2,1
485,9,25,16,2,2,0
485,10,26,17,2,2,2
486,1,17,13,0,0,0
486,2,18,14,0,0,1
486,3,19,14,1,0,0
486,4,20,15,1,0,0
486,5,21,16,1,0,0
486,6,22,17,1,0,3
486,7,23,17,1,0,0
486,8,24,18,1,0,1
486,9,25,18,2,0,2
486,10,26,18,2,1,3
487,1,17,16,0,0,0
487,2,18,17,0,0,2
487,3,19,17,0,1,2
487,4,20,17,0,2,0
487,5,21,18,0,2,2
487,6,22,18,0,3,2
487,7,23,18,0,4,2
487,8,24,18,0,5,3
487,9,25,18,0,5,2
487,10,26,18,0,6,2
488,1,17,11,0,0,0
488,2,18,12,0,0,0
488,3,19,13,0,0,1
488,4,20,13,1,0,1
488,5,21,13,2,0,0
488,6,22,14,2,0,2
488,7,23,14,2,1,2
488,8,24,14,2,2,1
488,9,25,14,3,2,0
488,10,26,15,3,2,1
489,1,17,14,0,0,0
489,2,18,15,0,0,2
489,3,19,15,0,1,1
489,4,20,15,1,1,2
489,5,21,15,1,2,0
489,6,22,16,1,2,1
489,7,23,16,2,2,3
489,8,24,16,2,2,1
489,9,25,16,3,2,1
489,10,26,16,4,2,2
490,1,17,10,0,0,3
490,2,18,10,0,0,0
490,3,19,11,0,0,0
490,4,20,12,0,0,0
490,5,21,13,0,0,0
490,6,22,14,0,0,3
490,7,23,14,0,0,3
490,8,24,14,0,0,2
490,9,25,14,0,1,1
490,10,26,14,1,1,0
491,1,17,11,0,0,1
491,2,18,11,1,0,0
491,3,19,12,1,0,0
491,4,20,13,1,0,3
491,5,21,13,1,0,2
491,6,22,13,1,1,1
491,7,23,13,2,1,2
491,8,24,13,2,2,0
491,9,25,14,2,2,0
491,10,26,15,2,2,0
492,1,17,10,0,0,0
492,2,18,11,0,0,2
492,3,19,11,0,1,0
492,4,20,12,0,1,0
492,5,21,13,0,1,2
492,6,22,13,0,2,1
492,7,23,13,1,2,0
492,8,24,14,1,2,1
492,9,25,14,2,2,1
492,10,26,14,3,2,3
493,1,17,13,0,0,2
493,2,18,13,0,1,3
493,3,19,13,0,1,0
493,4,20,14,0,1,0
493,5,21,15,0,1,1
493,6,22,15,1,1,1
493,7,23,15,2,1,0
493,8,24,16,2,1,1
493,9,25,16,3,1,3
493,10,26,16,3,1,1
494,1,17,11,0,0,0
494,2,18,12,0,0,2
494,3,19,12,0,1,2
494,4,20,12,0,2,2
494,5,21,12,0,3,1
494,6,22,12,1,3,0
494,7,23,13,1,3,0
494,8,24,14,1,3,1
494,9,25,14,2,3,1
494,10,26,14,3,3,3
495,1,17,16,0,0,1
495,2,18,16,1,0,1
495,3,19,16,2,0,2
495,4,20,16,2,1,1
495,5,21,16,3,1,3
495,6,22,16,3,1,0
495,7,23,17,3,1,1
495,8,24,17,4,1,1
495,9,25,17,5,1,2
495,10,26,17,5,2,2
496,1,17,10,0,0,1
496,2,18,10,1,0,1
496,3,19,10,2,0,0
496,4,20,11,2,0,1
496,5,21,11,3,0,0
496,6,22,12,3,0,0
496,7,23,13,3,0,1
496,8,24,13,4,0,3
496,9,25,13,4,0,1
496,10,26,13,5,0,1
497,1,17,15,0,0,0
497,2,18,16,0,0,1
497,3,19,16,1,0,2
497,4,20,16,1,1,1
497,5,21,16,2,1,0
497,6,22,17,2,1,2
497,7,23,17,2,2,2
497,8,24,17,2,3,0
497,9,25,18,2,3,2
497,10,26,18,2,4,1
498,1,17,15,0,0,0
498,2,18,16,0,0,1
498,3,19,16,1,0,2
498,4,20,16,1,1,0
498,5,21,17,1,1,2
498,6,22,17,1,2,2
498,7,23,17,1,3,1
498,8,24,17,2,3,2
498,9,25,17,2,4,2
498,10,26,17,2,5,2
499,1,17,12,0,0,3
499,2,18,12,0,0,0
499,3,19,13,0,0,1
499,4,20,13,1,0,2
499,5,21,13,1,1,1
499,6,22,13,2,1,1
499,7,23,13,3,1,2
499,8,24,13,3,2,1
499,9,25,13,4,2,0
499,10,26,14,4,2,1
500,1,17,12,0,0,1
500,2,18,12,1,0,2
500,3,19,12,1,1,0
500,4,20,13,1,1,0
500,5,21,14,1,1,2
500,6,22,14,1,2,1
500,7,23,14,2,2,1
500,8,24,14,3,2,0
500,9,25,15,3,2,3
500,10,26,15,3,2,1
